,soc,battery_kwh,solar_generation_kw,load_demand_kw,pv_to_load_kw,pv_to_battery_kw,battery_to_load_kw,grid_to_load_kw,unmet_load_kw,can_charge
2026-06-01 00:00:00,44.73684210526316,8.947368421052632,0.0,1.0,0.0,0.0,0.9999999999999999,0.0,1.1102230246251565e-16,0
2026-06-01 01:00:00,38.592081090748245,7.718416218149648,0.0,1.1675045927578347,0.0,0.0,1.1675045927578347,0.0,0.0,0
2026-06-01 02:00:00,30.08748761687341,6.017497523374682,0.0,1.615872760036218,0.0,0.0,1.615872760036218,0.0,0.0,0
2026-06-01 03:00:00,21.251045944013715,4.250209188802743,0.0,1.6789239178433415,0.0,0.0,1.6789239178433415,0.0,0.0,0
2026-06-01 04:00:00,10.980068944594597,2.1960137889189197,0.0,1.951485629889632,0.0,0.0,1.9514856298896321,0.0,-2.220446049250313e-16,0
2026-06-01 05:00:00,0.0,0.0,0.0,2.2159692855036304,0.0,0.0,2.0862130994729737,0.12975618603065664,0.0,0
2026-06-01 06:00:00,4.560189961868642,0.9120379923737284,3.271204475801928,2.3111644838295824,2.3111644838295824,0.9600399919723457,0.0,0.0,0.0,1
2026-06-01 07:00:00,15.076948829177297,3.0153897658354594,4.769217818406768,2.555163320025999,2.555163320025999,2.2140544983807695,0.0,0.0,0.0,1
2026-06-01 08:00:00,36.81880462710677,7.363760925421355,7.433783042537477,2.8565502429733765,2.8565502429733765,4.577232799564101,0.0,0.0,0.0,1
2026-06-01 09:00:00,74.21421121662479,14.84284224332496,11.06777698265376,3.1950598059131234,3.1950598059131234,7.872717176740636,0.0,0.0,0.0,1
2026-06-01 10:00:00,100.0,20.0,10.218689784726608,3.6828910414793965,3.6828910414793965,5.428587112289517,0.0,0.0,0.0,1
2026-06-01 11:00:00,100.0,20.0,13.835818595718695,3.7014684770769444,3.7014684770769444,0.0,0.0,0.0,0.0,0
2026-06-01 12:00:00,100.0,20.0,12.188075214335663,3.2553574564592487,3.2553574564592487,0.0,0.0,0.0,0.0,0
2026-06-01 13:00:00,100.0,20.0,11.95428190062867,3.380230288669,3.380230288669,0.0,0.0,0.0,0.0,0
2026-06-01 14:00:00,100.0,20.0,13.033424460814048,3.482015358438304,3.482015358438304,0.0,0.0,0.0,0.0,0
2026-06-01 15:00:00,100.0,20.0,9.023882499149948,3.4233075827524373,3.4233075827524373,0.0,0.0,0.0,0.0,0
2026-06-01 16:00:00,100.0,20.0,6.86746201262175,3.2309031348401644,3.2309031348401644,0.0,0.0,0.0,0.0,0
2026-06-01 17:00:00,100.0,20.0,4.616761456410031,2.6438139261384466,2.6438139261384466,0.0,0.0,0.0,0.0,0
2026-06-01 18:00:00,100.0,20.0,2.8504023025520477,2.6949597033275428,2.6949597033275428,0.0,0.0,0.0,0.0,0
2026-06-01 19:00:00,100.0,20.0,0.0,1.7669505148514684,0.0,0.0,0.0,0.0,1.7669505148514684,0
2026-06-01 20:00:00,100.0,20.0,0.0,1.7762438206959368,0.0,0.0,0.0,0.0,1.7762438206959368,0
2026-06-01 21:00:00,100.0,20.0,0.0,1.7371867006770265,0.0,0.0,0.0,0.0,1.7371867006770265,0
2026-06-01 22:00:00,100.0,20.0,0.0,1.4050644917409265,0.0,0.0,0.0,0.0,1.4050644917409265,0
2026-06-01 23:00:00,93.017740488291,18.603548097658198,0.0,1.326629307224711,0.0,0.0,1.326629307224711,0.0,0.0,0
2026-06-02 00:00:00,85.83848393846218,17.167696787692435,0.0,1.3640587444674743,0.0,0.0,1.3640587444674743,0.0,0.0,0
2026-06-02 01:00:00,79.8421698661637,15.96843397323274,0.0,1.1392996737367105,0.0,0.0,1.1392996737367105,0.0,0.0,0
2026-06-02 02:00:00,71.74782517140501,14.349565034281003,0.0,1.5379254920041494,0.0,0.0,1.5379254920041494,0.0,0.0,0
2026-06-02 03:00:00,62.575625464155195,12.515125092831038,0.0,1.7427179443774665,0.0,0.0,1.7427179443774665,0.0,0.0,0
2026-06-02 04:00:00,53.13884536204474,10.627769072408949,0.0,1.7929882194009843,0.0,0.0,1.7929882194009843,0.0,0.0,0
2026-06-02 05:00:00,43.85852045899828,8.771704091799656,0.0,1.7632617315788284,0.0,0.0,1.7632617315788284,0.0,0.0,0
2026-06-02 06:00:00,47.5547246051706,9.51094492103412,3.024935399214508,2.2467871579150716,2.2467871579150716,0.7781482412994363,0.0,0.0,0.0,1
2026-06-02 07:00:00,57.492104160893376,11.498420832178676,4.998998762771564,2.906918856303612,2.906918856303612,2.0920799064679523,0.0,0.0,0.0,1
2026-06-02 08:00:00,71.80608665088344,14.36121733017669,5.707906350251363,2.694436352358718,2.694436352358718,3.013469997892645,0.0,0.0,0.0,1
2026-06-02 09:00:00,56.15947695739204,11.231895391478409,9.688497474036884,2.9728558417633666,0.0,0.0,2.9728558417633666,0.0,0.0,0
2026-06-02 10:00:00,37.80777021927744,7.561554043855487,13.294376453187509,3.4868242802417755,0.0,0.0,3.4868242802417755,0.0,0.0,0
2026-06-02 11:00:00,20.540676583252313,4.108135316650463,16.044011790386097,3.280747790844773,0.0,0.0,3.280747790844773,0.0,0.0,0
2026-06-02 12:00:00,2.662620020137363,0.5325240040274726,12.510703459496638,3.396830746991841,0.0,0.0,3.396830746991841,0.0,0.0,0
2026-06-02 13:00:00,0.0,0.0,15.549664967951957,3.8021435446117278,0.0,0.0,0.505897803826099,0.0,3.2962457407856287,0
2026-06-02 14:00:00,0.0,0.0,11.277025748571583,3.575601543601942,0.0,0.0,0.0,0.0,3.575601543601942,0
2026-06-02 15:00:00,0.0,0.0,10.78261455347223,2.9050862711263092,0.0,0.0,0.0,0.0,2.9050862711263092,0
2026-06-02 16:00:00,0.0,0.0,6.5402576562370935,2.7456193238529716,0.0,0.0,0.0,0.0,2.7456193238529716,0
2026-06-02 17:00:00,0.0,0.0,4.8154279684384935,2.6231104231674376,0.0,0.0,0.0,0.0,2.6231104231674376,0
2026-06-02 18:00:00,0.0,0.0,3.24913794967737,2.134254055126042,0.0,0.0,0.0,0.0,2.134254055126042,0
2026-06-02 19:00:00,0.0,0.0,0.0,1.946994524409574,0.0,0.0,0.0,0.0,1.946994524409574,0
2026-06-02 20:00:00,0.0,0.0,0.0,1.7814721284503197,0.0,0.0,0.0,0.0,1.7814721284503197,0
2026-06-02 21:00:00,0.0,0.0,0.0,1.2002761123655905,0.0,0.0,0.0,0.0,1.2002761123655905,0
2026-06-02 22:00:00,0.0,0.0,0.0,1.128392025431121,0.0,0.0,0.0,0.0,1.128392025431121,0
2026-06-02 23:00:00,0.0,0.0,0.0,1.5004232166137215,0.0,0.0,0.0,0.0,1.5004232166137215,0
2026-06-03 00:00:00,0.0,0.0,0.0,1.2038166769917975,0.0,0.0,0.0,0.0,1.2038166769917975,0
2026-06-03 01:00:00,0.0,0.0,0.0,1.215204031673878,0.0,0.0,0.0,0.0,1.215204031673878,0
2026-06-03 02:00:00,0.0,0.0,0.0,1.2073930173956156,0.0,0.0,0.0,0.0,1.2073930173956156,0
2026-06-03 03:00:00,0.0,0.0,0.0,1.5108131818857433,0.0,0.0,0.0,0.0,1.5108131818857433,0
2026-06-03 04:00:00,0.0,0.0,0.0,1.4416802280456582,0.0,0.0,0.0,0.0,1.4416802280456582,0
2026-06-03 05:00:00,0.0,0.0,0.0,1.6926643016749996,0.0,0.0,0.0,0.0,1.6926643016749996,0
2026-06-03 06:00:00,0.0,0.0,3.2566655269045985,2.276392469517286,0.0,0.0,0.0,0.0,2.276392469517286,0
2026-06-03 07:00:00,0.0,0.0,4.237600247874203,3.0657255293572496,0.0,0.0,0.0,0.0,3.0657255293572496,0
2026-06-03 08:00:00,0.0,0.0,7.816897713566267,2.63693280843333,0.0,0.0,0.0,0.0,2.63693280843333,0
2026-06-03 09:00:00,0.0,0.0,10.33032199331444,3.6010179716311423,0.0,0.0,0.0,0.0,3.6010179716311423,0
2026-06-03 10:00:00,0.0,0.0,13.826974239651966,3.0898386319142714,0.0,0.0,0.0,0.0,3.0898386319142714,0
2026-06-03 11:00:00,0.0,0.0,12.743188676136462,3.3773120252391626,0.0,0.0,0.0,0.0,3.3773120252391626,0
2026-06-03 12:00:00,0.0,0.0,12.52349663779087,3.776876788549903,0.0,0.0,0.0,0.0,3.776876788549903,0
2026-06-03 13:00:00,0.0,0.0,14.465452180699067,3.2189815944390032,0.0,0.0,0.0,0.0,3.2189815944390032,0
2026-06-03 14:00:00,0.0,0.0,11.719697428406622,3.0873143758065105,0.0,0.0,0.0,0.0,3.0873143758065105,0
2026-06-03 15:00:00,0.0,0.0,9.522821241322982,3.005027676089179,0.0,0.0,0.0,0.0,3.005027676089179,0
2026-06-03 16:00:00,0.0,0.0,7.129963828673073,2.741395868761585,0.0,0.0,0.0,0.0,2.741395868761585,0
2026-06-03 17:00:00,0.0,0.0,3.605105694964545,2.788255275659584,0.0,0.0,0.0,0.0,2.788255275659584,0
2026-06-03 18:00:00,0.0,0.0,2.715150291716655,2.5471341196399413,0.0,0.0,0.0,0.0,2.5471341196399413,0
2026-06-03 19:00:00,0.0,0.0,0.0,2.0630278313694537,0.0,0.0,0.0,0.0,2.0630278313694537,0
2026-06-03 20:00:00,0.0,0.0,0.0,1.4379528607600467,0.0,0.0,0.0,0.0,1.4379528607600467,0
2026-06-03 21:00:00,0.0,0.0,0.0,1.8301287426968127,0.0,0.0,0.0,0.0,1.8301287426968127,0
2026-06-03 22:00:00,0.0,0.0,0.0,1.0341943453744398,0.0,0.0,0.0,0.0,1.0341943453744398,0
2026-06-03 23:00:00,0.0,0.0,0.0,1.0,0.0,0.0,0.0,0.0,1.0,0
2026-06-04 00:00:00,0.0,0.0,0.0,1.2144265984937643,0.0,0.0,0.0,0.0,1.2144265984937643,0
2026-06-04 01:00:00,0.0,0.0,0.0,1.0,0.0,0.0,0.0,0.0,1.0,0
2026-06-04 02:00:00,0.0,0.0,0.0,1.3460921308537328,0.0,0.0,0.0,0.0,1.3460921308537328,0
2026-06-04 03:00:00,0.0,0.0,0.0,1.430238241607459,0.0,0.0,0.0,0.0,1.430238241607459,0
2026-06-04 04:00:00,0.0,0.0,0.0,2.0621144317823163,0.0,0.0,0.0,0.0,2.0621144317823163,0
2026-06-04 05:00:00,0.0,0.0,0.0,2.2653865176055734,0.0,0.0,0.0,0.0,2.2653865176055734,0
2026-06-04 06:00:00,0.0,0.0,3.372407015583655,2.1156631909206323,0.0,0.0,0.0,0.0,2.1156631909206323,0
2026-06-04 07:00:00,0.0,0.0,4.864780136527664,2.796025840541835,0.0,0.0,0.0,0.0,2.796025840541835,0
2026-06-04 08:00:00,0.0,0.0,7.554709289741929,2.8049498117678873,0.0,0.0,0.0,0.0,2.8049498117678873,0
2026-06-04 09:00:00,0.0,0.0,8.87707334154125,2.9995466435771805,0.0,0.0,0.0,0.0,2.9995466435771805,0
2026-06-04 10:00:00,0.0,0.0,13.868228532369807,3.6207714858531426,0.0,0.0,0.0,0.0,3.6207714858531426,0
2026-06-04 11:00:00,0.0,0.0,12.493347078223984,3.3372125611622856,0.0,0.0,0.0,0.0,3.3372125611622856,0
2026-06-04 12:00:00,0.0,0.0,15.63938625398981,3.3683895668564015,0.0,0.0,0.0,0.0,3.3683895668564015,0
2026-06-04 13:00:00,0.0,0.0,14.125149919746605,3.576127747682085,0.0,0.0,0.0,0.0,3.576127747682085,0
2026-06-04 14:00:00,0.0,0.0,13.775022808009924,3.186642070527116,0.0,0.0,0.0,0.0,3.186642070527116,0
2026-06-04 15:00:00,0.0,0.0,10.508728014081049,3.227550956287453,0.0,0.0,0.0,0.0,3.227550956287453,0
2026-06-04 16:00:00,0.0,0.0,6.698923273082265,2.903128308667369,0.0,0.0,0.0,0.0,2.903128308667369,0
2026-06-04 17:00:00,11.32064157244707,2.264128314489414,4.7557456317699565,2.3724526691495207,2.3724526691495207,2.3832929626204358,0.0,0.0,0.0,1
2026-06-04 18:00:00,15.97176811063421,3.194353622126842,3.019126213851022,2.039941679495835,2.039941679495835,0.9791845343551873,0.0,0.0,0.0,1
2026-06-04 19:00:00,3.919113903508405,0.7838227807016809,0.0,2.290004299353903,0.0,0.0,2.290004299353903,0.0,0.0,0
2026-06-04 20:00:00,0.0,0.0,0.0,2.045287033001345,0.0,0.0,0.7446316416665968,0.0,1.300655391334748,0
2026-06-04 21:00:00,0.0,0.0,0.0,1.854038577111253,0.0,0.0,0.0,0.0,1.854038577111253,0
2026-06-04 22:00:00,0.0,0.0,0.0,1.0902431890653475,0.0,0.0,0.0,0.0,1.0902431890653475,0
2026-06-04 23:00:00,0.0,0.0,0.0,1.016713963158331,0.0,0.0,0.0,0.0,1.016713963158331,0
2026-06-05 00:00:00,0.0,0.0,0.0,1.1769767219869112,0.0,0.0,0.0,0.0,1.1769767219869112,0
2026-06-05 01:00:00,0.0,0.0,0.0,1.1993749119612913,0.0,0.0,0.0,0.0,1.1993749119612913,0
2026-06-05 02:00:00,0.0,0.0,0.0,1.6309024518895168,0.0,0.0,0.0,0.0,1.6309024518895168,0
2026-06-05 03:00:00,0.0,0.0,0.0,1.454598328068671,0.0,0.0,0.0,0.0,1.454598328068671,0
2026-06-05 04:00:00,0.0,0.0,0.0,1.9291137540402437,0.0,0.0,0.0,0.0,1.9291137540402437,0
2026-06-05 05:00:00,0.0,0.0,0.0,1.8907788228755105,0.0,0.0,0.0,0.0,1.8907788228755105,0
2026-06-05 06:00:00,0.0,0.0,3.215250527814443,2.16877269422215,0.0,0.0,0.0,0.0,2.16877269422215,0
2026-06-05 07:00:00,0.0,0.0,3.922393706639157,2.63014760885703,0.0,0.0,0.0,0.0,2.63014760885703,0
2026-06-05 08:00:00,0.0,0.0,7.702139489290516,3.1500852234437984,0.0,0.0,0.0,0.0,3.1500852234437984,0
2026-06-05 09:00:00,0.0,0.0,10.155938540740864,3.4401193123802036,0.0,0.0,0.0,0.0,3.4401193123802036,0
2026-06-05 10:00:00,0.0,0.0,10.949429870045824,3.4666132081301435,0.0,0.0,0.0,0.0,3.4666132081301435,0
2026-06-05 11:00:00,0.0,0.0,15.150380883453504,3.487625396336731,0.0,0.0,0.0,0.0,3.487625396336731,0
2026-06-05 12:00:00,0.0,0.0,15.607944284696018,3.7916478727185163,0.0,0.0,0.0,0.0,3.7916478727185163,0
2026-06-05 13:00:00,0.0,0.0,11.995938395561758,3.4663574376748034,0.0,0.0,0.0,0.0,3.4663574376748034,0
2026-06-05 14:00:00,0.0,0.0,13.188005324951222,3.345454054669525,0.0,0.0,0.0,0.0,3.345454054669525,0
2026-06-05 15:00:00,0.0,0.0,8.430234589258559,2.896220041406716,0.0,0.0,0.0,0.0,2.896220041406716,0
2026-06-05 16:00:00,0.0,0.0,6.98763456879028,3.3412661788638927,0.0,0.0,0.0,0.0,3.3412661788638927,0
2026-06-05 17:00:00,0.0,0.0,4.359022929686859,2.432319682822671,0.0,0.0,0.0,0.0,2.432319682822671,0
2026-06-05 18:00:00,0.0,0.0,3.2730825645820447,2.4310715553392535,0.0,0.0,0.0,0.0,2.4310715553392535,0
2026-06-05 19:00:00,0.0,0.0,0.0,1.805492586941679,0.0,0.0,0.0,0.0,1.805492586941679,0
2026-06-05 20:00:00,0.0,0.0,0.0,1.4881564666541613,0.0,0.0,0.0,0.0,1.4881564666541613,0
2026-06-05 21:00:00,0.0,0.0,0.0,1.8033177874411428,0.0,0.0,0.0,0.0,1.8033177874411428,0
2026-06-05 22:00:00,0.0,0.0,0.0,1.132446549166782,0.0,0.0,0.0,0.0,1.132446549166782,0
2026-06-05 23:00:00,0.0,0.0,0.0,1.4937325674507456,0.0,0.0,0.0,0.0,1.4937325674507456,0
2026-06-06 00:00:00,0.0,0.0,0.0,1.0628772352912037,0.0,0.0,0.0,0.0,1.0628772352912037,0
2026-06-06 01:00:00,0.0,0.0,0.0,1.2736233487746347,0.0,0.0,0.0,0.0,1.2736233487746347,0
2026-06-06 02:00:00,0.0,0.0,0.0,1.3266707541495646,0.0,0.0,0.0,0.0,1.3266707541495646,0
2026-06-06 03:00:00,0.0,0.0,0.0,1.1807699905151685,0.0,0.0,0.0,0.0,1.1807699905151685,0
2026-06-06 04:00:00,0.0,0.0,0.0,1.4626188429890437,0.0,0.0,0.0,0.0,1.4626188429890437,0
2026-06-06 05:00:00,0.0,0.0,0.0,2.1241098212584326,0.0,0.0,0.0,0.0,2.1241098212584326,0
2026-06-06 06:00:00,0.0,0.0,3.262129275910944,2.568337622904384,2.568337622904384,0.0,0.0,0.0,0.0,0
2026-06-06 07:00:00,0.0,0.0,5.09033708448736,2.956615138209086,2.956615138209086,0.0,0.0,0.0,0.0,0
2026-06-06 08:00:00,0.0,0.0,7.079555090620322,3.0393630542819823,3.0393630542819823,0.0,0.0,0.0,0.0,0
2026-06-06 09:00:00,0.0,0.0,8.66088231631459,2.9014729493330567,0.0,0.0,0.0,0.0,2.9014729493330567,0
2026-06-06 10:00:00,0.0,0.0,10.553964410403342,3.4043034813813176,0.0,0.0,0.0,0.0,3.4043034813813176,0
2026-06-06 11:00:00,0.0,0.0,15.385804247413256,3.8683137382314294,0.0,0.0,0.0,0.0,3.8683137382314294,0
2026-06-06 12:00:00,0.0,0.0,14.80685423107857,3.3000337456689977,0.0,0.0,0.0,0.0,3.3000337456689977,0
2026-06-06 13:00:00,0.0,0.0,12.38208444055635,3.7342506332540064,0.0,0.0,0.0,0.0,3.7342506332540064,0
2026-06-06 14:00:00,0.0,0.0,13.377920873044866,3.8271679312307496,0.0,0.0,0.0,0.0,3.8271679312307496,0
2026-06-06 15:00:00,0.0,0.0,9.737295390264542,3.4310570636835176,0.0,0.0,0.0,0.0,3.4310570636835176,0
2026-06-06 16:00:00,0.0,0.0,5.63197000379454,2.7944714980877605,0.0,0.0,0.0,0.0,2.7944714980877605,0
2026-06-06 17:00:00,0.0,0.0,3.8825534524519383,2.685983284340403,0.0,0.0,0.0,0.0,2.685983284340403,0
2026-06-06 18:00:00,0.0,0.0,2.551299334373275,2.525004280408201,0.0,0.0,0.0,0.0,2.525004280408201,0
2026-06-06 19:00:00,0.0,0.0,0.0,2.3566136680717684,0.0,0.0,0.0,0.0,2.3566136680717684,0
2026-06-06 20:00:00,0.0,0.0,0.0,1.769517654470825,0.0,0.0,0.0,0.0,1.769517654470825,0
2026-06-06 21:00:00,0.0,0.0,0.0,1.7369341912079983,0.0,0.0,0.0,0.0,1.7369341912079983,0
2026-06-06 22:00:00,0.0,0.0,0.0,1.5521653484049844,0.0,0.0,0.0,0.0,1.5521653484049844,0
2026-06-06 23:00:00,0.0,0.0,0.0,1.0,0.0,0.0,0.0,0.0,1.0,0
2026-06-07 00:00:00,0.0,0.0,0.0,1.4027213388620512,0.0,0.0,0.0,0.0,1.4027213388620512,0
2026-06-07 01:00:00,0.0,0.0,0.0,1.4721557366259685,0.0,0.0,0.0,0.0,1.4721557366259685,0
2026-06-07 02:00:00,0.0,0.0,0.0,1.549445290681101,0.0,0.0,0.0,0.0,1.549445290681101,0
2026-06-07 03:00:00,0.0,0.0,0.0,1.587212649876173,0.0,0.0,0.0,0.0,1.587212649876173,0
2026-06-07 04:00:00,0.0,0.0,0.0,1.7919538631993892,0.0,0.0,0.0,0.0,1.7919538631993892,0
2026-06-07 05:00:00,0.0,0.0,0.0,1.8597373902999075,0.0,0.0,0.0,0.0,1.8597373902999075,0
2026-06-07 06:00:00,0.0,0.0,2.822064109897877,2.530382276692243,0.0,0.0,0.0,0.0,2.530382276692243,0
2026-06-07 07:00:00,0.0,0.0,5.333059124310514,2.5938064464073243,0.0,0.0,0.0,0.0,2.5938064464073243,0
2026-06-07 08:00:00,0.0,0.0,7.111244860065437,2.9677050100794062,0.0,0.0,0.0,0.0,2.9677050100794062,0
2026-06-07 09:00:00,0.0,0.0,8.769982749230579,3.1784767340547737,0.0,0.0,0.0,0.0,3.1784767340547737,0
2026-06-07 10:00:00,0.0,0.0,11.859674462402396,3.427906100082402,0.0,0.0,0.0,0.0,3.427906100082402,0
2026-06-07 11:00:00,0.0,0.0,15.538230496446769,3.7416294986150476,0.0,0.0,0.0,0.0,3.7416294986150476,0
2026-06-07 12:00:00,0.0,0.0,13.683760801131514,3.2779641060199025,0.0,0.0,0.0,0.0,3.2779641060199025,0
2026-06-07 13:00:00,0.0,0.0,14.21622914237092,3.580644132115906,0.0,0.0,0.0,0.0,3.580644132115906,0
2026-06-07 14:00:00,0.0,0.0,13.468155385730425,3.7301778681454407,0.0,0.0,0.0,0.0,3.7301778681454407,0
2026-06-07 15:00:00,0.0,0.0,9.342195558664317,3.429312151117984,0.0,0.0,0.0,0.0,3.429312151117984,0
2026-06-07 16:00:00,0.0,0.0,6.931593497754262,3.2933033272610013,0.0,0.0,0.0,0.0,3.2933033272610013,0
2026-06-07 17:00:00,0.0,0.0,3.705645682037379,2.4700193373013124,0.0,0.0,0.0,2.4700193373013124,0.0,0
2026-06-07 18:00:00,0.0,0.0,3.4361724376460736,2.168542551725663,0.0,0.0,0.0,2.168542551725663,0.0,0
2026-06-07 19:00:00,0.0,0.0,0.0,2.216653103432107,0.0,0.0,0.0,2.216653103432107,0.0,0
2026-06-07 20:00:00,0.0,0.0,0.0,1.6141538412088343,0.0,0.0,0.0,1.6141538412088343,0.0,0
2026-06-07 21:00:00,0.0,0.0,0.0,1.5391206519739187,0.0,0.0,0.0,1.5391206519739187,0.0,0
2026-06-07 22:00:00,0.0,0.0,0.0,1.0,0.0,0.0,0.0,1.0,0.0,0
2026-06-07 23:00:00,0.0,0.0,0.0,1.247188842649721,0.0,0.0,0.0,1.247188842649721,0.0,0
2026-06-08 00:00:00,0.0,0.0,0.0,1.152496220241331,0.0,0.0,0.0,1.152496220241331,0.0,0
2026-06-08 01:00:00,0.0,0.0,0.0,1.1948977085442258,0.0,0.0,0.0,1.1948977085442258,0.0,0
2026-06-08 02:00:00,0.0,0.0,0.0,1.3451231567670159,0.0,0.0,0.0,1.3451231567670159,0.0,0
2026-06-08 03:00:00,0.0,0.0,0.0,1.214642314638187,0.0,0.0,0.0,1.214642314638187,0.0,0
2026-06-08 04:00:00,0.0,0.0,0.0,1.4868181913000977,0.0,0.0,0.0,1.4868181913000977,0.0,0
2026-06-08 05:00:00,0.0,0.0,0.0,2.061845264493089,0.0,0.0,0.0,2.061845264493089,0.0,0
2026-06-08 06:00:00,0.0,0.0,3.238656515077581,2.5008658714207415,2.5008658714207415,0.0,0.0,0.0,0.0,0
2026-06-08 07:00:00,0.0,0.0,4.095186534447429,2.7057081257964857,2.7057081257964857,0.0,0.0,0.0,0.0,0
2026-06-08 08:00:00,0.0,0.0,7.789872704273876,2.7993758057913447,2.7993758057913447,0.0,0.0,0.0,0.0,0
2026-06-08 09:00:00,0.0,0.0,9.26339294111483,2.8973212737807783,2.8973212737807783,0.0,0.0,0.0,0.0,0
2026-06-08 10:00:00,0.0,0.0,13.374211313508129,3.3866807670242083,0.0,0.0,0.0,3.3866807670242083,0.0,0
2026-06-08 11:00:00,0.0,0.0,16.08822560594402,3.6431758912845513,0.0,0.0,0.0,3.6431758912845513,0.0,0
2026-06-08 12:00:00,0.0,0.0,14.426599772960357,3.5902566432477556,0.0,0.0,0.0,3.5902566432477556,0.0,0
2026-06-08 13:00:00,0.0,0.0,13.921247604184172,3.699190011667394,0.0,0.0,0.0,3.699190011667394,0.0,0
2026-06-08 14:00:00,0.0,0.0,13.744469565235171,3.587790165851304,0.0,0.0,0.0,3.587790165851304,0.0,0
2026-06-08 15:00:00,0.0,0.0,9.518751666647145,2.991844323069719,0.0,0.0,0.0,2.991844323069719,0.0,0
2026-06-08 16:00:00,0.0,0.0,7.823603047098263,2.868820373347821,0.0,0.0,0.0,2.868820373347821,0.0,0
2026-06-08 17:00:00,0.0,0.0,4.3565012202160665,3.0234864810593054,0.0,0.0,0.0,3.0234864810593054,0.0,0
2026-06-08 18:00:00,0.0,0.0,3.2052799574850788,2.0010851325139174,0.0,0.0,0.0,2.0010851325139174,0.0,0
2026-06-08 19:00:00,0.0,0.0,0.0,1.9580034151981098,0.0,0.0,0.0,1.9580034151981098,0.0,0
2026-06-08 20:00:00,0.0,0.0,0.0,1.5797722975143011,0.0,0.0,0.0,1.5797722975143011,0.0,0
2026-06-08 21:00:00,0.0,0.0,0.0,1.5838976283835868,0.0,0.0,0.0,1.5838976283835868,0.0,0
2026-06-08 22:00:00,0.0,0.0,0.0,1.1278117965532357,0.0,0.0,0.0,1.1278117965532357,0.0,0
2026-06-08 23:00:00,0.0,0.0,0.0,1.159902740727372,0.0,0.0,0.0,1.159902740727372,0.0,0
2026-06-09 00:00:00,0.0,0.0,0.0,1.0,0.0,0.0,0.0,1.0,0.0,0
2026-06-09 01:00:00,0.0,0.0,0.0,1.1727934862020133,0.0,0.0,0.0,1.1727934862020133,0.0,0
2026-06-09 02:00:00,0.0,0.0,0.0,1.3522076203037154,0.0,0.0,0.0,1.3522076203037154,0.0,0
2026-06-09 03:00:00,0.0,0.0,0.0,1.1995739842347217,0.0,0.0,0.0,1.1995739842347217,0.0,0
2026-06-09 04:00:00,0.0,0.0,0.0,1.6365311901037627,0.0,0.0,0.0,1.6365311901037627,0.0,0
2026-06-09 05:00:00,0.0,0.0,0.0,2.0157846003290145,0.0,0.0,0.0,2.0157846003290145,0.0,0
2026-06-09 06:00:00,1.2401506503919475,0.2480301300783895,2.881235854365564,2.6201515069146275,2.6201515069146275,0.26108434745093634,0.0,0.0,0.0,1
2026-06-09 07:00:00,11.766086050069035,2.353217210013807,5.035552772352368,2.8195663724203492,2.8195663724203492,2.2159863999320186,0.0,0.0,0.0,1
2026-06-09 08:00:00,28.103067318395592,5.620613463679119,6.46315338980838,3.0237889122659465,3.0237889122659465,3.439364477542434,0.0,0.0,0.0,1
2026-06-09 09:00:00,53.62116661335725,10.72423332267145,8.633730813200794,3.2614993826825494,3.2614993826825494,5.372231430518244,0.0,0.0,0.0,1
2026-06-09 10:00:00,93.70589799944884,18.74117959988977,11.805326670906377,3.3664358527818283,3.3664358527818283,8.438890818124548,0.0,0.0,0.0,1
2026-06-09 11:00:00,100.0,20.0,11.732705659082873,3.4189926329859706,3.4189926329859706,1.3250741053791908,0.0,0.0,0.0,1
2026-06-09 12:00:00,100.0,20.0,15.311618114243606,3.94847704625105,3.94847704625105,0.0,0.0,0.0,0.0,0
2026-06-09 13:00:00,100.0,20.0,14.44244110925698,3.319999974941373,3.319999974941373,0.0,0.0,0.0,0.0,0
2026-06-09 14:00:00,100.0,20.0,13.610346398795924,3.538158430396337,3.538158430396337,0.0,0.0,0.0,0.0,0
2026-06-09 15:00:00,100.0,20.0,8.44419337471538,2.959208636131957,2.959208636131957,0.0,0.0,0.0,0.0,0
2026-06-09 16:00:00,100.0,20.0,7.316835425372063,2.9408007554154945,2.9408007554154945,0.0,0.0,0.0,0.0,0
2026-06-09 17:00:00,100.0,20.0,5.089356630076794,2.621800275721443,2.621800275721443,0.0,0.0,0.0,0.0,0
2026-06-09 18:00:00,100.0,20.0,2.816629275141897,2.5004086202829816,2.5004086202829816,0.0,0.0,0.0,0.0,0
2026-06-09 19:00:00,89.20342381184064,17.840684762368127,0.0,2.0513494757502806,0.0,0.0,2.0513494757502806,0.0,0.0,0
2026-06-09 20:00:00,79.93515481364972,15.987030962729945,0.0,1.760971109656273,0.0,0.0,1.760971109656273,0.0,0.0,0
2026-06-09 21:00:00,73.74817185036532,14.749634370073066,0.0,1.175526763024035,0.0,0.0,1.175526763024035,0.0,0.0,0
2026-06-09 22:00:00,68.48501395562849,13.697002791125698,0.0,1.0,0.0,0.0,0.9999999999999999,0.0,1.1102230246251565e-16,0
2026-06-09 23:00:00,68.48501395562849,13.697002791125698,0.0,1.2889655280343595,0.0,0.0,0.0,1.2889655280343595,0.0,0
2026-06-10 00:00:00,68.48501395562849,13.697002791125698,0.0,1.182972638392246,0.0,0.0,0.0,1.182972638392246,0.0,0
2026-06-10 01:00:00,68.48501395562849,13.697002791125698,0.0,1.0,0.0,0.0,0.0,1.0,0.0,0
2026-06-10 02:00:00,68.48501395562849,13.697002791125698,0.0,1.5468585750829023,0.0,0.0,0.0,1.5468585750829023,0.0,0
2026-06-10 03:00:00,68.48501395562849,13.697002791125698,0.0,1.23520532512416,0.0,0.0,0.0,1.23520532512416,0.0,0
2026-06-10 04:00:00,68.48501395562849,13.697002791125698,0.0,1.4397637880341094,0.0,0.0,0.0,1.4397637880341094,0.0,0
2026-06-10 05:00:00,68.48501395562849,13.697002791125698,0.0,1.966284409431876,0.0,0.0,0.0,1.966284409431876,0.0,0
2026-06-10 06:00:00,68.48501395562849,13.697002791125698,2.761319469433014,2.0295150804997775,2.0295150804997775,0.0,0.0,0.0,0.0,0
2026-06-10 07:00:00,68.48501395562849,13.697002791125698,4.648199498765247,2.4231064728773193,2.4231064728773193,0.0,0.0,0.0,0.0,0
2026-06-10 08:00:00,68.48501395562849,13.697002791125698,7.987967686965001,2.917775266483031,2.917775266483031,0.0,0.0,0.0,0.0,0
2026-06-10 09:00:00,68.48501395562849,13.697002791125698,8.320341706608849,2.9173873738104006,2.9173873738104006,0.0,0.0,0.0,0.0,0
2026-06-10 10:00:00,68.48501395562849,13.697002791125698,12.30265424868722,3.59582369387393,3.59582369387393,0.0,0.0,0.0,0.0,0
2026-06-10 11:00:00,68.48501395562849,13.697002791125698,16.0628252446134,3.940280037369859,3.940280037369859,0.0,0.0,0.0,0.0,0
2026-06-10 12:00:00,68.48501395562849,13.697002791125698,12.795587593926012,3.6364942242000655,3.6364942242000655,0.0,0.0,0.0,0.0,0
2026-06-10 13:00:00,68.48501395562849,13.697002791125698,13.216987859021794,3.5078414404060876,3.5078414404060876,0.0,0.0,0.0,0.0,0
2026-06-10 14:00:00,68.48501395562849,13.697002791125698,12.305005284035472,3.4820115206814926,3.4820115206814926,0.0,0.0,0.0,0.0,0
2026-06-10 15:00:00,68.48501395562849,13.697002791125698,9.749162943018051,3.6319113553235627,3.6319113553235627,0.0,0.0,0.0,0.0,0
2026-06-10 16:00:00,68.48501395562849,13.697002791125698,6.44988805365607,3.274849793837022,3.274849793837022,0.0,0.0,0.0,0.0,0
2026-06-10 17:00:00,68.48501395562849,13.697002791125698,3.901092647637812,2.710714447371314,2.710714447371314,0.0,0.0,0.0,0.0,0
2026-06-10 18:00:00,70.85268949025763,14.170537898051528,3.0635211013141515,2.5650630940238037,2.5650630940238037,0.4984580072903477,0.0,0.0,0.0,1
2026-06-10 19:00:00,60.20245210745332,12.040490421490663,0.0,2.0235451027328217,0.0,0.0,2.0235451027328217,0.0,0.0,0
2026-06-10 20:00:00,51.85195619442735,10.37039123888547,0.0,1.5865942234749337,0.0,0.0,1.5865942234749337,0.0,0.0,0
2026-06-10 21:00:00,51.85195619442735,10.37039123888547,0.0,1.783634795188846,0.0,0.0,0.0,1.783634795188846,0.0,0
2026-06-10 22:00:00,51.85195619442735,10.37039123888547,0.0,1.6110943285671278,0.0,0.0,0.0,1.6110943285671278,0.0,0
2026-06-10 23:00:00,51.85195619442735,10.37039123888547,0.0,1.331262430153065,0.0,0.0,0.0,1.331262430153065,0.0,0
2026-06-11 00:00:00,51.85195619442735,10.37039123888547,0.0,1.2333359975421156,0.0,0.0,0.0,1.2333359975421156,0.0,0
2026-06-11 01:00:00,51.85195619442735,10.37039123888547,0.0,1.0,0.0,0.0,0.0,1.0,0.0,0
2026-06-11 02:00:00,51.85195619442735,10.37039123888547,0.0,1.0490479322355148,0.0,0.0,0.0,1.0490479322355148,0.0,0
2026-06-11 03:00:00,51.85195619442735,10.37039123888547,0.0,1.5433666292559263,0.0,0.0,0.0,1.5433666292559263,0.0,0
2026-06-11 04:00:00,51.85195619442735,10.37039123888547,0.0,1.843178752669745,0.0,0.0,0.0,1.843178752669745,0.0,0
2026-06-11 05:00:00,51.85195619442735,10.37039123888547,0.0,2.035940969436869,0.0,0.0,0.0,2.035940969436869,0.0,0
2026-06-11 06:00:00,51.85195619442735,10.37039123888547,3.322995469680239,2.5649935501262235,2.5649935501262235,0.0,0.0,0.0,0.0,0
2026-06-11 07:00:00,51.85195619442735,10.37039123888547,4.667441703250999,2.408205025574359,2.408205025574359,0.0,0.0,0.0,0.0,0
2026-06-11 08:00:00,51.85195619442735,10.37039123888547,6.031818041467759,2.7094662731842223,2.7094662731842223,0.0,0.0,0.0,0.0,0
2026-06-11 09:00:00,51.85195619442735,10.37039123888547,8.217196514571917,3.233997592182871,3.233997592182871,0.0,0.0,0.0,0.0,0
2026-06-11 10:00:00,51.85195619442735,10.37039123888547,12.933096012317964,3.138740220611523,3.138740220611523,0.0,0.0,0.0,0.0,0
2026-06-11 11:00:00,51.85195619442735,10.37039123888547,13.440723734079745,3.494460598983072,3.494460598983072,0.0,0.0,0.0,0.0,0
2026-06-11 12:00:00,51.85195619442735,10.37039123888547,14.140481415051893,3.59798357032124,3.59798357032124,0.0,0.0,0.0,0.0,0
2026-06-11 13:00:00,51.85195619442735,10.37039123888547,14.234754794268492,3.386188986871063,3.386188986871063,0.0,0.0,0.0,0.0,0
2026-06-11 14:00:00,51.85195619442735,10.37039123888547,10.373168140405868,3.7296965283543035,3.7296965283543035,0.0,0.0,0.0,0.0,0
2026-06-11 15:00:00,51.85195619442735,10.37039123888547,8.16836116809966,2.9720054140596277,2.9720054140596277,0.0,0.0,0.0,0.0,0
2026-06-11 16:00:00,51.85195619442735,10.37039123888547,6.792843456667288,2.6462008131744956,2.6462008131744956,0.0,0.0,0.0,0.0,0
2026-06-11 17:00:00,51.85195619442735,10.37039123888547,4.533942742904034,2.8721634466919648,2.8721634466919648,0.0,0.0,0.0,0.0,0
2026-06-11 18:00:00,51.85195619442735,10.37039123888547,3.5214783613060985,2.028622061045905,2.028622061045905,0.0,0.0,0.0,0.0,0
2026-06-11 19:00:00,51.85195619442735,10.37039123888547,0.0,1.9825983162820666,0.0,0.0,0.0,1.9825983162820666,0.0,0
2026-06-11 20:00:00,44.606985955869476,8.921397191173895,0.0,1.3765443453259958,0.0,0.0,1.3765443453259958,0.0,0.0,0
2026-06-11 21:00:00,36.89677232604415,7.379354465208829,0.0,1.4649405896668128,0.0,0.0,1.4649405896668128,0.0,0.0,0
2026-06-11 22:00:00,30.407858793794183,6.0815717587588365,0.0,1.2328935711274926,0.0,0.0,1.2328935711274926,0.0,0.0,0
2026-06-11 23:00:00,23.32334699632419,4.664669399264838,0.0,1.3460572415192988,0.0,0.0,1.3460572415192988,0.0,0.0,0
2026-06-12 00:00:00,18.060189101587348,3.61203782031747,0.0,1.0,0.0,0.0,0.9999999999999999,0.0,1.1102230246251565e-16,0
2026-06-12 01:00:00,12.797031206850509,2.5594062413701018,0.0,1.0,0.0,0.0,0.9999999999999999,0.0,1.1102230246251565e-16,0
2026-06-12 02:00:00,5.723098779691359,1.1446197559382718,0.0,1.3440471611602385,0.0,0.0,1.3440471611602385,0.0,0.0,0
2026-06-12 03:00:00,0.0,0.0,0.0,1.5094863792172828,0.0,0.0,1.087388768141358,0.4220976110759247,0.0,0
2026-06-12 04:00:00,0.0,0.0,0.0,1.6207111642116518,0.0,0.0,0.0,1.6207111642116518,0.0,0
2026-06-12 05:00:00,0.0,0.0,0.0,1.8047315789884437,0.0,0.0,0.0,1.8047315789884437,0.0,0
2026-06-12 06:00:00,3.757653299178265,0.751530659835653,3.4628830919041307,2.6717981868139695,2.6717981868139695,0.7910849050901612,0.0,0.0,0.0,1
2026-06-12 07:00:00,16.486110117116514,3.297222023423303,5.2216692691459325,2.541994149579985,2.541994149579985,2.6796751195659474,0.0,0.0,0.0,1
2026-06-12 08:00:00,2.359609349562839,0.4719218699125678,6.075726561668668,2.6840351458351983,0.0,0.0,2.6840351458351983,0.0,0.0,0
2026-06-12 09:00:00,0.0,0.0,8.642702293371313,3.082503255130431,0.0,0.0,0.4483257764169394,2.6341774787134917,0.0,0
2026-06-12 10:00:00,0.0,0.0,14.162874024116288,3.3693868840459835,0.0,0.0,0.0,3.3693868840459835,0.0,0
2026-06-12 11:00:00,0.0,0.0,14.36900811758537,3.329216551009249,0.0,0.0,0.0,3.329216551009249,0.0,0
2026-06-12 12:00:00,0.0,0.0,13.759439467639073,3.8663801190312577,0.0,0.0,0.0,3.8663801190312577,0.0,0
2026-06-12 13:00:00,0.0,0.0,13.4876452058336,3.9040717278444586,0.0,0.0,0.0,3.9040717278444586,0.0,0
2026-06-12 14:00:00,0.0,0.0,13.7525127840595,3.7151066175062066,0.0,0.0,0.0,3.7151066175062066,0.0,0
2026-06-12 15:00:00,0.0,0.0,10.468760665865789,3.3557854980459427,0.0,0.0,0.0,3.3557854980459427,0.0,0
2026-06-12 16:00:00,0.0,0.0,6.905407199506543,2.641353704593278,0.0,0.0,0.0,2.641353704593278,0.0,0
2026-06-12 17:00:00,0.0,0.0,3.868360333202312,2.3451226738313338,0.0,0.0,0.0,2.3451226738313338,0.0,0
2026-06-12 18:00:00,0.0,0.0,2.725831232204377,2.1466294001774027,0.0,0.0,0.0,2.1466294001774027,0.0,0
2026-06-12 19:00:00,0.0,0.0,0.0,1.7795523543897942,0.0,0.0,0.0,1.7795523543897942,0.0,0
2026-06-12 20:00:00,0.0,0.0,0.0,1.881478545815817,0.0,0.0,0.0,1.881478545815817,0.0,0
2026-06-12 21:00:00,0.0,0.0,0.0,1.703594044362793,0.0,0.0,0.0,1.703594044362793,0.0,0
2026-06-12 22:00:00,0.0,0.0,0.0,1.6615527196567932,0.0,0.0,0.0,1.6615527196567932,0.0,0
2026-06-12 23:00:00,0.0,0.0,0.0,1.103519195614079,0.0,0.0,0.0,1.103519195614079,0.0,0
2026-06-13 00:00:00,0.0,0.0,0.0,1.4998345856479873,0.0,0.0,0.0,1.4998345856479873,0.0,0
2026-06-13 01:00:00,0.0,0.0,0.0,1.3586867552048048,0.0,0.0,0.0,1.3586867552048048,0.0,0
2026-06-13 02:00:00,0.0,0.0,0.0,1.4037601579490224,0.0,0.0,0.0,1.4037601579490224,0.0,0
2026-06-13 03:00:00,0.0,0.0,0.0,1.8333846343330564,0.0,0.0,0.0,1.8333846343330564,0.0,0
2026-06-13 04:00:00,0.0,0.0,0.0,1.4022547485220282,0.0,0.0,0.0,1.4022547485220282,0.0,0
2026-06-13 05:00:00,0.0,0.0,0.0,1.8015757824618666,0.0,0.0,0.0,1.8015757824618666,0.0,0
2026-06-13 06:00:00,0.0,0.0,2.7594600084856764,2.099827577777425,0.0,0.0,0.0,2.099827577777425,0.0,0
2026-06-13 07:00:00,0.0,0.0,4.20338094507347,2.9031490890484464,0.0,0.0,0.0,2.9031490890484464,0.0,0
2026-06-13 08:00:00,0.0,0.0,6.6598432285143705,3.0655637056768437,0.0,0.0,0.0,3.0655637056768437,0.0,0
2026-06-13 09:00:00,0.0,0.0,11.048093839570436,3.319326529378747,0.0,0.0,0.0,3.319326529378747,0.0,0
2026-06-13 10:00:00,0.0,0.0,11.875800230279182,3.607970137987354,0.0,0.0,0.0,3.607970137987354,0.0,0
2026-06-13 11:00:00,0.0,0.0,14.035729349606411,3.773717155497933,0.0,0.0,0.0,3.773717155497933,0.0,0
2026-06-13 12:00:00,0.0,0.0,13.337688210049125,3.526673397871289,0.0,0.0,0.0,3.526673397871289,0.0,0
2026-06-13 13:00:00,0.0,0.0,12.26999180769905,3.8706723346124887,0.0,0.0,0.0,3.8706723346124887,0.0,0
2026-06-13 14:00:00,0.0,0.0,13.68537031931601,3.3360979336179195,0.0,0.0,0.0,3.3360979336179195,0.0,0
2026-06-13 15:00:00,0.0,0.0,10.562764409781408,3.2986868644191776,0.0,0.0,0.0,3.2986868644191776,0.0,0
2026-06-13 16:00:00,0.0,0.0,5.873491190226945,3.202884106409339,0.0,0.0,0.0,3.202884106409339,0.0,0
2026-06-13 17:00:00,0.0,0.0,4.567726225994315,2.6807591507332766,0.0,0.0,0.0,2.6807591507332766,0.0,0
2026-06-13 18:00:00,0.0,0.0,2.608963363078573,2.256372334883735,0.0,0.0,0.0,2.256372334883735,0.0,0
2026-06-13 19:00:00,0.0,0.0,0.0,1.9294862383028788,0.0,0.0,0.0,1.9294862383028788,0.0,0
2026-06-13 20:00:00,0.0,0.0,0.0,1.4635030228513062,0.0,0.0,0.0,1.4635030228513062,0.0,0
2026-06-13 21:00:00,0.0,0.0,0.0,1.7624043669573521,0.0,0.0,0.0,1.7624043669573521,0.0,0
2026-06-13 22:00:00,0.0,0.0,0.0,1.1347654249764458,0.0,0.0,0.0,1.1347654249764458,0.0,0
2026-06-13 23:00:00,0.0,0.0,0.0,1.1559290450311561,0.0,0.0,0.0,1.1559290450311561,0.0,0
2026-06-14 00:00:00,0.0,0.0,0.0,1.1238887572728107,0.0,0.0,0.0,1.1238887572728107,0.0,0
2026-06-14 01:00:00,0.0,0.0,0.0,1.2577450815020135,0.0,0.0,0.0,1.2577450815020135,0.0,0
2026-06-14 02:00:00,0.0,0.0,0.0,1.445112281647138,0.0,0.0,0.0,1.445112281647138,0.0,0
2026-06-14 03:00:00,0.0,0.0,0.0,1.7721163111094165,0.0,0.0,0.0,1.7721163111094165,0.0,0
2026-06-14 04:00:00,0.0,0.0,0.0,1.433141389537703,0.0,0.0,0.0,1.433141389537703,0.0,0
2026-06-14 05:00:00,0.0,0.0,0.0,2.134259581646484,0.0,0.0,0.0,2.134259581646484,0.0,0
2026-06-14 06:00:00,0.0,0.0,3.412338693446024,2.5463477632701776,0.0,0.0,0.0,2.5463477632701776,0.0,0
2026-06-14 07:00:00,0.0,0.0,5.237816546632393,2.863093152905104,0.0,0.0,0.0,2.863093152905104,0.0,0
2026-06-14 08:00:00,0.0,0.0,7.486193162618455,2.775076311094771,0.0,0.0,0.0,2.775076311094771,0.0,0
2026-06-14 09:00:00,0.0,0.0,10.533867108471345,3.0709051322917915,0.0,0.0,0.0,3.0709051322917915,0.0,0
2026-06-14 10:00:00,0.0,0.0,13.839630196081211,3.6362912049710965,0.0,0.0,0.0,3.6362912049710965,0.0,0
2026-06-14 11:00:00,0.0,0.0,15.37795063601901,3.355260054410581,0.0,0.0,0.0,3.355260054410581,0.0,0
2026-06-14 12:00:00,0.0,0.0,14.701753525822667,3.5030697788690888,0.0,0.0,0.0,3.5030697788690888,0.0,0
2026-06-14 13:00:00,0.0,0.0,15.666401104574312,3.3074756597737887,0.0,0.0,0.0,3.3074756597737887,0.0,0
2026-06-14 14:00:00,0.0,0.0,12.577110707703763,3.0981842246637044,0.0,0.0,0.0,3.0981842246637044,0.0,0
2026-06-14 15:00:00,0.0,0.0,9.057848303416494,3.1425078514057465,0.0,0.0,0.0,3.1425078514057465,0.0,0
2026-06-14 16:00:00,0.0,0.0,5.884990366165465,3.3434719314453654,0.0,0.0,0.0,3.3434719314453654,0.0,0
2026-06-14 17:00:00,0.0,0.0,3.6119387642636127,2.667207876253039,0.0,0.0,0.0,2.667207876253039,0.0,0
2026-06-14 18:00:00,0.0,0.0,3.192597085452626,2.545543099407043,0.0,0.0,0.0,2.545543099407043,0.0,0
2026-06-14 19:00:00,0.0,0.0,0.0,2.1411051902057983,0.0,0.0,0.0,2.1411051902057983,0.0,0
2026-06-14 20:00:00,0.0,0.0,0.0,2.0526945017723577,0.0,0.0,0.0,2.0526945017723577,0.0,0
2026-06-14 21:00:00,0.0,0.0,0.0,1.450108206279901,0.0,0.0,0.0,1.450108206279901,0.0,0
2026-06-14 22:00:00,0.0,0.0,0.0,1.1670729751672668,0.0,0.0,0.0,1.1670729751672668,0.0,0
2026-06-14 23:00:00,0.0,0.0,0.0,1.0,0.0,0.0,0.0,1.0,0.0,0
2026-06-15 00:00:00,0.0,0.0,0.0,1.3867168222666502,0.0,0.0,0.0,1.3867168222666502,0.0,0
2026-06-15 01:00:00,0.0,0.0,0.0,1.1691303814254108,0.0,0.0,0.0,1.1691303814254108,0.0,0
2026-06-15 02:00:00,0.0,0.0,0.0,1.0096176189248023,0.0,0.0,0.0,1.0096176189248023,0.0,0
2026-06-15 03:00:00,0.0,0.0,0.0,1.7639372167274776,0.0,0.0,0.0,1.7639372167274776,0.0,0
2026-06-15 04:00:00,0.0,0.0,0.0,1.8899905481027364,0.0,0.0,0.0,1.8899905481027364,0.0,0
2026-06-15 05:00:00,0.0,0.0,0.0,1.911913924580588,0.0,0.0,0.0,1.911913924580588,0.0,0
2026-06-15 06:00:00,0.0,0.0,2.802520586083259,2.4591278170112423,0.0,0.0,0.0,2.4591278170112423,0.0,0
2026-06-15 07:00:00,0.0,0.0,4.84857746405789,2.7238586480660647,0.0,0.0,0.0,2.7238586480660647,0.0,0
2026-06-15 08:00:00,0.0,0.0,7.223669041919368,3.1278902281893295,0.0,0.0,0.0,3.1278902281893295,0.0,0
2026-06-15 09:00:00,0.0,0.0,10.352651111048976,3.5281597397154485,0.0,0.0,0.0,3.5281597397154485,0.0,0
2026-06-15 10:00:00,0.0,0.0,11.971845561491666,3.651681812169394,0.0,0.0,0.0,3.651681812169394,0.0,0
2026-06-15 11:00:00,0.0,0.0,12.386030459603358,3.7217072850332316,0.0,0.0,0.0,3.7217072850332316,0.0,0
2026-06-15 12:00:00,0.0,0.0,15.414893857608076,3.3697221986251082,0.0,0.0,0.0,3.3697221986251082,0.0,0
2026-06-15 13:00:00,0.0,0.0,15.772128083273747,3.3908668909681445,0.0,0.0,0.0,3.3908668909681445,0.0,0
2026-06-15 14:00:00,0.0,0.0,13.024890290172474,3.826796225567592,0.0,0.0,0.0,3.826796225567592,0.0,0
2026-06-15 15:00:00,0.0,0.0,10.34475946936552,2.982190639109235,0.0,0.0,0.0,2.982190639109235,0.0,0
2026-06-15 16:00:00,0.0,0.0,6.3217944054086885,3.3043243283549875,0.0,0.0,0.0,3.3043243283549875,0.0,0
2026-06-15 17:00:00,0.0,0.0,5.042530196221731,2.8954090280896496,0.0,0.0,0.0,2.8954090280896496,0.0,0
2026-06-15 18:00:00,0.0,0.0,3.189864058390476,2.2505063075781013,2.2505063075781013,0.0,0.0,0.0,0.0,0
2026-06-15 19:00:00,0.0,0.0,0.0,2.2899862717711863,0.0,0.0,0.0,2.2899862717711863,0.0,0
2026-06-15 20:00:00,0.0,0.0,0.0,1.394665631058425,0.0,0.0,0.0,1.394665631058425,0.0,0
2026-06-15 21:00:00,0.0,0.0,0.0,1.8566085729906425,0.0,0.0,0.0,1.8566085729906425,0.0,0
2026-06-15 22:00:00,0.0,0.0,0.0,1.5704604941396867,0.0,0.0,0.0,1.5704604941396867,0.0,0
2026-06-15 23:00:00,0.0,0.0,0.0,1.400036296358603,0.0,0.0,0.0,1.400036296358603,0.0,0
2026-06-16 00:00:00,0.0,0.0,0.0,1.1336212278771138,0.0,0.0,0.0,1.1336212278771138,0.0,0
2026-06-16 01:00:00,0.0,0.0,0.0,1.3384101512640192,0.0,0.0,0.0,1.3384101512640192,0.0,0
2026-06-16 02:00:00,0.0,0.0,0.0,1.5837408431259492,0.0,0.0,0.0,1.5837408431259492,0.0,0
2026-06-16 03:00:00,0.0,0.0,0.0,1.5417481357398286,0.0,0.0,0.0,1.5417481357398286,0.0,0
2026-06-16 04:00:00,0.0,0.0,0.0,1.89121812314561,0.0,0.0,0.0,1.89121812314561,0.0,0
2026-06-16 05:00:00,0.0,0.0,0.0,2.1864249687618633,0.0,0.0,0.0,2.1864249687618633,0.0,0
2026-06-16 06:00:00,0.0,0.0,2.559659246634818,2.2451868831713604,0.0,0.0,0.0,2.2451868831713604,0.0,0
2026-06-16 07:00:00,0.0,0.0,3.935531827226644,3.0045505992008823,0.0,0.0,0.0,3.0045505992008823,0.0,0
2026-06-16 08:00:00,0.0,0.0,5.750041040206112,2.665015582955179,0.0,0.0,0.0,2.665015582955179,0.0,0
2026-06-16 09:00:00,0.0,0.0,8.718006281496379,3.084185971553424,0.0,0.0,0.0,3.084185971553424,0.0,0
2026-06-16 10:00:00,0.0,0.0,12.43751557451644,3.6699795249758327,0.0,0.0,0.0,3.6699795249758327,0.0,0
2026-06-16 11:00:00,0.0,0.0,13.587454270920134,3.380447293121244,0.0,0.0,0.0,3.380447293121244,0.0,0
2026-06-16 12:00:00,0.0,0.0,13.04175460246462,3.3315988295530774,0.0,0.0,0.0,3.3315988295530774,0.0,0
2026-06-16 13:00:00,0.0,0.0,12.707853830634065,3.214778976124216,0.0,0.0,0.0,3.214778976124216,0.0,0
2026-06-16 14:00:00,0.0,0.0,12.844425747793704,3.685151417187522,0.0,0.0,0.0,3.685151417187522,0.0,0
2026-06-16 15:00:00,0.0,0.0,8.701814380513643,3.439221221895822,0.0,0.0,0.0,3.439221221895822,0.0,0
2026-06-16 16:00:00,0.0,0.0,5.982249561846307,3.224240201141546,0.0,0.0,0.0,3.224240201141546,0.0,0
2026-06-16 17:00:00,0.0,0.0,3.799442308325917,2.904158349573136,0.0,0.0,0.0,2.904158349573136,0.0,0
2026-06-16 18:00:00,0.0,0.0,2.955875096214454,2.1834998516354402,0.0,0.0,0.0,2.1834998516354402,0.0,0
2026-06-16 19:00:00,0.0,0.0,0.0,1.912388327735585,0.0,0.0,0.0,1.912388327735585,0.0,0
2026-06-16 20:00:00,0.0,0.0,0.0,1.86777308281319,0.0,0.0,0.0,1.86777308281319,0.0,0
2026-06-16 21:00:00,0.0,0.0,0.0,1.726024929257614,0.0,0.0,0.0,1.726024929257614,0.0,0
2026-06-16 22:00:00,0.0,0.0,0.0,1.0705595831724497,0.0,0.0,0.0,1.0705595831724497,0.0,0
2026-06-16 23:00:00,0.0,0.0,0.0,1.502484833833207,0.0,0.0,0.0,1.502484833833207,0.0,0
2026-06-17 00:00:00,0.0,0.0,0.0,1.0660797367228343,0.0,0.0,0.0,1.0660797367228343,0.0,0
2026-06-17 01:00:00,0.0,0.0,0.0,1.3097309242707786,0.0,0.0,0.0,1.3097309242707786,0.0,0
2026-06-17 02:00:00,0.0,0.0,0.0,1.1431374736542375,0.0,0.0,0.0,1.1431374736542375,0.0,0
2026-06-17 03:00:00,0.0,0.0,0.0,1.3873920369535382,0.0,0.0,0.0,1.3873920369535382,0.0,0
2026-06-17 04:00:00,0.0,0.0,0.0,1.980943193417029,0.0,0.0,0.0,1.980943193417029,0.0,0
2026-06-17 05:00:00,0.0,0.0,0.0,2.316036778517116,0.0,0.0,0.0,2.316036778517116,0.0,0
2026-06-17 06:00:00,3.396101449458745,0.6792202898917491,3.273076136702072,2.558107410500231,2.558107410500231,0.7149687262018412,0.0,0.0,0.0,1
2026-06-17 07:00:00,14.659074118412493,2.931814823682499,5.1301784526748255,2.7590263118424576,2.7590263118424576,2.371152140832368,0.0,0.0,0.0,1
2026-06-17 08:00:00,35.55986902235706,7.111973804471413,7.641417467191936,3.241250118993078,3.241250118993078,4.400167348198858,0.0,0.0,0.0,1
2026-06-17 09:00:00,71.64458201666406,14.328916403332812,11.09141824378694,3.49463656077494,3.49463656077494,7.596781683012,0.0,0.0,0.0,1
2026-06-17 10:00:00,100.0,20.0,14.152907827451736,3.4615945200535743,3.4615945200535743,5.969561680702303,0.0,0.0,0.0,1
2026-06-17 11:00:00,100.0,20.0,13.09749607912161,3.3893178250584697,3.3893178250584697,0.0,0.0,0.0,0.0,0
2026-06-17 12:00:00,80.66589177238882,16.133178354477764,16.200417489199538,3.673480563246126,0.0,0.0,3.673480563246126,0.0,0.0,0
2026-06-17 13:00:00,60.080281480481965,12.016056296096394,12.53495424287752,3.9112659554623015,0.0,0.0,3.9112659554623015,0.0,0.0,0
2026-06-17 14:00:00,42.384976157707676,8.476995231541535,12.905358040686208,3.362108011327116,0.0,0.0,3.362108011327116,0.0,0.0,0
2026-06-17 15:00:00,25.498335910508153,5.09966718210163,9.148835045049353,3.2084616469679097,0.0,0.0,3.2084616469679097,0.0,0.0,0
2026-06-17 16:00:00,10.23925195543102,2.0478503910862043,7.001818855273289,2.899225951464654,0.0,0.0,2.899225951464654,0.0,0.0,0
2026-06-17 17:00:00,10.23925195543102,2.0478503910862043,4.556708514002889,2.694154411359689,0.0,0.0,0.0,2.694154411359689,0.0,0
2026-06-17 18:00:00,10.23925195543102,2.0478503910862043,3.098958522252785,2.2236194312401643,0.0,0.0,0.0,2.2236194312401643,0.0,0
2026-06-17 19:00:00,10.23925195543102,2.0478503910862043,0.0,1.8593605281745729,0.0,0.0,0.0,1.8593605281745729,0.0,0
2026-06-17 20:00:00,10.23925195543102,2.0478503910862043,0.0,1.916693204236601,0.0,0.0,0.0,1.916693204236601,0.0,0
2026-06-17 21:00:00,10.23925195543102,2.0478503910862043,0.0,1.418528368175874,0.0,0.0,0.0,1.418528368175874,0.0,0
2026-06-17 22:00:00,10.23925195543102,2.0478503910862043,0.0,1.4180950053309556,0.0,0.0,0.0,1.4180950053309556,0.0,0
2026-06-17 23:00:00,10.23925195543102,2.0478503910862043,0.0,1.1272129957644337,0.0,0.0,0.0,1.1272129957644337,0.0,0
2026-06-18 00:00:00,10.23925195543102,2.0478503910862043,0.0,1.1985865607005528,0.0,0.0,0.0,1.1985865607005528,0.0,0
2026-06-18 01:00:00,10.23925195543102,2.0478503910862043,0.0,1.0,0.0,0.0,0.0,1.0,0.0,0
2026-06-18 02:00:00,10.23925195543102,2.0478503910862043,0.0,1.3456502020561414,0.0,0.0,0.0,1.3456502020561414,0.0,0
2026-06-18 03:00:00,10.23925195543102,2.0478503910862043,0.0,1.1911344105325419,0.0,0.0,0.0,1.1911344105325419,0.0,0
2026-06-18 04:00:00,1.242439241139286,0.2484878482278572,0.0,1.7093944157154297,0.0,0.0,1.7093944157154297,0.0,0.0,0
2026-06-18 05:00:00,0.0,0.0,0.0,2.4092852323370426,0.0,0.0,0.23606345581646432,2.1732217765205784,0.0,0
2026-06-18 06:00:00,0.0,0.0,2.607330079473781,2.6795582594120884,0.0,0.0,0.0,2.6795582594120884,0.0,0
2026-06-18 07:00:00,0.0,0.0,4.05363448697603,2.7313704562655348,0.0,0.0,0.0,2.7313704562655348,0.0,0
2026-06-18 08:00:00,0.0,0.0,6.6127739158133805,3.133288906724626,0.0,0.0,0.0,3.133288906724626,0.0,0
2026-06-18 09:00:00,0.0,0.0,10.15635223482488,3.3173690558190394,0.0,0.0,0.0,3.3173690558190394,0.0,0
2026-06-18 10:00:00,0.0,0.0,14.230055236502004,3.254765812323499,0.0,0.0,0.0,3.254765812323499,0.0,0
2026-06-18 11:00:00,0.0,0.0,16.198147778873146,3.4722227417467617,0.0,0.0,0.0,3.4722227417467617,0.0,0
2026-06-18 12:00:00,0.0,0.0,12.423221551040148,3.735605544259051,0.0,0.0,0.0,3.735605544259051,0.0,0
2026-06-18 13:00:00,0.0,0.0,12.657300200727551,3.26837057646203,0.0,0.0,0.0,0.0,3.26837057646203,0
2026-06-18 14:00:00,0.0,0.0,11.54160575869728,3.7102639712714893,0.0,0.0,0.0,0.0,3.7102639712714893,0
2026-06-18 15:00:00,0.0,0.0,8.711916432287634,3.2655771852579307,0.0,0.0,0.0,0.0,3.2655771852579307,0
2026-06-18 16:00:00,0.0,0.0,7.0824236451262665,3.0619876429209127,0.0,0.0,0.0,0.0,3.0619876429209127,0
2026-06-18 17:00:00,0.0,0.0,4.9705497334181885,3.0156867527504927,0.0,0.0,0.0,0.0,3.0156867527504927,0
2026-06-18 18:00:00,0.0,0.0,3.460971313965308,2.2706605970761187,0.0,0.0,0.0,0.0,2.2706605970761187,0
2026-06-18 19:00:00,0.0,0.0,0.0,1.8329000538684919,0.0,0.0,0.0,0.0,1.8329000538684919,0
2026-06-18 20:00:00,0.0,0.0,0.0,2.121376131904726,0.0,0.0,0.0,0.0,2.121376131904726,0
2026-06-18 21:00:00,0.0,0.0,0.0,1.5046382483962448,0.0,0.0,0.0,0.0,1.5046382483962448,0
2026-06-18 22:00:00,0.0,0.0,0.0,1.1512545241101781,0.0,0.0,0.0,0.0,1.1512545241101781,0
2026-06-18 23:00:00,0.0,0.0,0.0,1.070953341558959,0.0,0.0,0.0,0.0,1.070953341558959,0
2026-06-19 00:00:00,0.0,0.0,0.0,1.3453865386634918,0.0,0.0,0.0,0.0,1.3453865386634918,0
2026-06-19 01:00:00,0.0,0.0,0.0,1.0,0.0,0.0,0.0,0.0,1.0,0
2026-06-19 02:00:00,0.0,0.0,0.0,1.0,0.0,0.0,0.0,0.0,1.0,0
2026-06-19 03:00:00,0.0,0.0,0.0,1.8022624965864296,0.0,0.0,0.0,0.0,1.8022624965864296,0
2026-06-19 04:00:00,0.0,0.0,0.0,1.8982588794123694,0.0,0.0,0.0,0.0,1.8982588794123694,0
2026-06-19 05:00:00,0.0,0.0,0.0,2.1915746577443342,0.0,0.0,0.0,0.0,2.1915746577443342,0
2026-06-19 06:00:00,0.0,0.0,3.3605125045349813,2.284586913796014,0.0,0.0,0.0,0.0,2.284586913796014,0
2026-06-19 07:00:00,0.0,0.0,4.255386502263314,2.547357677654299,0.0,0.0,0.0,0.0,2.547357677654299,0
2026-06-19 08:00:00,0.0,0.0,5.944290242611888,2.6696065965021885,0.0,0.0,0.0,0.0,2.6696065965021885,0
2026-06-19 09:00:00,0.0,0.0,10.071623850727391,2.9869984657671034,0.0,0.0,0.0,0.0,2.9869984657671034,0
2026-06-19 10:00:00,0.0,0.0,14.297396358093724,3.7127704311371135,0.0,0.0,0.0,0.0,3.7127704311371135,0
2026-06-19 11:00:00,0.0,0.0,12.361750873259188,3.267535129036077,0.0,0.0,0.0,0.0,3.267535129036077,0
2026-06-19 12:00:00,0.0,0.0,16.840259955930414,3.851022238873214,0.0,0.0,0.0,0.0,3.851022238873214,0
2026-06-19 13:00:00,0.0,0.0,16.018908526721575,3.3586775898126193,0.0,0.0,0.0,0.0,3.3586775898126193,0
2026-06-19 14:00:00,0.0,0.0,12.90303599524971,3.152961008058046,0.0,0.0,0.0,0.0,3.152961008058046,0
2026-06-19 15:00:00,0.0,0.0,9.186896668617162,3.2397061805994554,0.0,0.0,0.0,0.0,3.2397061805994554,0
2026-06-19 16:00:00,0.0,0.0,6.30656307270207,3.273713443051647,0.0,0.0,0.0,0.0,3.273713443051647,0
2026-06-19 17:00:00,0.0,0.0,4.092680000661801,3.0435262507632372,0.0,0.0,0.0,0.0,3.0435262507632372,0
2026-06-19 18:00:00,0.0,0.0,2.5853476820022503,2.6983858849730855,0.0,0.0,0.0,0.0,2.6983858849730855,0
2026-06-19 19:00:00,0.0,0.0,0.0,2.3114497242784804,0.0,0.0,0.0,0.0,2.3114497242784804,0
2026-06-19 20:00:00,0.0,0.0,0.0,1.6246128436639191,0.0,0.0,0.0,0.0,1.6246128436639191,0
2026-06-19 21:00:00,0.0,0.0,0.0,1.1360769687160488,0.0,0.0,0.0,0.0,1.1360769687160488,0
2026-06-19 22:00:00,0.0,0.0,0.0,1.3492769936987064,0.0,0.0,0.0,0.0,1.3492769936987064,0
2026-06-19 23:00:00,0.0,0.0,0.0,1.4923017890786885,0.0,0.0,0.0,0.0,1.4923017890786885,0
2026-06-20 00:00:00,0.0,0.0,0.0,1.0866031451618918,0.0,0.0,0.0,0.0,1.0866031451618918,0
2026-06-20 01:00:00,0.0,0.0,0.0,1.3276490206743494,0.0,0.0,0.0,0.0,1.3276490206743494,0
2026-06-20 02:00:00,0.0,0.0,0.0,1.2943005600819046,0.0,0.0,0.0,0.0,1.2943005600819046,0
2026-06-20 03:00:00,0.0,0.0,0.0,1.175784832823373,0.0,0.0,0.0,0.0,1.175784832823373,0
2026-06-20 04:00:00,0.0,0.0,0.0,1.6971795162079077,0.0,0.0,0.0,0.0,1.6971795162079077,0
2026-06-20 05:00:00,0.0,0.0,0.0,1.8534037832033445,0.0,0.0,0.0,0.0,1.8534037832033445,0
2026-06-20 06:00:00,0.0,0.0,2.7124810912054937,2.2617188220970963,0.0,0.0,0.0,0.0,2.2617188220970963,0
2026-06-20 07:00:00,0.0,0.0,4.631778856609173,2.8417488565605105,0.0,0.0,0.0,0.0,2.8417488565605105,0
2026-06-20 08:00:00,0.0,0.0,6.953630516835447,3.2321977270419806,0.0,0.0,0.0,0.0,3.2321977270419806,0
2026-06-20 09:00:00,0.0,0.0,10.846495530183953,3.4412352611595356,0.0,0.0,0.0,0.0,3.4412352611595356,0
2026-06-20 10:00:00,0.0,0.0,12.792478727913768,3.3622914923230844,0.0,0.0,0.0,0.0,3.3622914923230844,0
2026-06-20 11:00:00,0.0,0.0,12.669067778694,3.823444408749084,0.0,0.0,0.0,0.0,3.823444408749084,0
2026-06-20 12:00:00,0.0,0.0,15.558292883796232,3.8156016274317888,0.0,0.0,0.0,0.0,3.8156016274317888,0
2026-06-20 13:00:00,0.0,0.0,12.776609922108957,3.951887487664097,0.0,0.0,0.0,0.0,3.951887487664097,0
2026-06-20 14:00:00,0.0,0.0,11.521320849577537,3.1361401199935366,0.0,0.0,0.0,0.0,3.1361401199935366,0
2026-06-20 15:00:00,0.0,0.0,9.482409532621752,3.4613488268013266,0.0,0.0,0.0,0.0,3.4613488268013266,0
2026-06-20 16:00:00,0.0,0.0,7.690729496506788,3.058298409899973,0.0,0.0,0.0,0.0,3.058298409899973,0
2026-06-20 17:00:00,0.0,0.0,4.446110408816836,2.6279661187727976,0.0,0.0,0.0,0.0,2.6279661187727976,0
2026-06-20 18:00:00,0.0,0.0,3.473479125645845,2.3517711948357545,0.0,0.0,0.0,0.0,2.3517711948357545,0
2026-06-20 19:00:00,0.0,0.0,0.0,1.778236481046499,0.0,0.0,0.0,0.0,1.778236481046499,0
2026-06-20 20:00:00,0.0,0.0,0.0,2.066595570523919,0.0,0.0,0.0,0.0,2.066595570523919,0
2026-06-20 21:00:00,0.0,0.0,0.0,1.2895092375257005,0.0,0.0,0.0,0.0,1.2895092375257005,0
2026-06-20 22:00:00,0.0,0.0,0.0,1.3018824770711934,0.0,0.0,0.0,0.0,1.3018824770711934,0
2026-06-20 23:00:00,0.0,0.0,0.0,1.070267575640047,0.0,0.0,0.0,0.0,1.070267575640047,0
2026-06-21 00:00:00,0.0,0.0,0.0,1.0204146445606301,0.0,0.0,0.0,0.0,1.0204146445606301,0
2026-06-21 01:00:00,0.0,0.0,0.0,1.0723039530845346,0.0,0.0,0.0,0.0,1.0723039530845346,0
2026-06-21 02:00:00,0.0,0.0,0.0,1.3331595505760432,0.0,0.0,0.0,0.0,1.3331595505760432,0
2026-06-21 03:00:00,0.0,0.0,0.0,1.3041784761676536,0.0,0.0,0.0,0.0,1.3041784761676536,0
2026-06-21 04:00:00,0.0,0.0,0.0,1.5111307047988796,0.0,0.0,0.0,0.0,1.5111307047988796,0
2026-06-21 05:00:00,0.0,0.0,0.0,1.8393478516384598,0.0,0.0,0.0,0.0,1.8393478516384598,0
2026-06-21 06:00:00,0.0,0.0,2.9983342183631674,2.6655507477279823,0.0,0.0,0.0,0.0,2.6655507477279823,0
2026-06-21 07:00:00,0.0,0.0,4.024881943811604,2.8343337947765415,0.0,0.0,0.0,0.0,2.8343337947765415,0
2026-06-21 08:00:00,0.0,0.0,6.6317791662486805,3.2078440919772424,0.0,0.0,0.0,0.0,3.2078440919772424,0
2026-06-21 09:00:00,0.0,0.0,10.367739327706396,3.0759694155747814,0.0,0.0,0.0,0.0,3.0759694155747814,0
2026-06-21 10:00:00,0.0,0.0,13.623801959849718,3.4122633570396173,0.0,0.0,0.0,0.0,3.4122633570396173,0
2026-06-21 11:00:00,0.0,0.0,12.196066328676052,3.301475398875697,0.0,0.0,0.0,0.0,3.301475398875697,0
2026-06-21 12:00:00,0.0,0.0,14.389907291978256,3.3150341005902333,0.0,0.0,0.0,0.0,3.3150341005902333,0
2026-06-21 13:00:00,0.0,0.0,14.906843130883836,3.574592274272859,0.0,0.0,0.0,0.0,3.574592274272859,0
2026-06-21 14:00:00,0.0,0.0,13.011232363005954,3.122600865283107,0.0,0.0,0.0,0.0,3.122600865283107,0
2026-06-21 15:00:00,0.0,0.0,8.89432373627222,3.0744974906687297,0.0,0.0,0.0,0.0,3.0744974906687297,0
2026-06-21 16:00:00,0.0,0.0,6.153802385107567,2.8216158904199395,0.0,0.0,0.0,0.0,2.8216158904199395,0
2026-06-21 17:00:00,0.0,0.0,4.420084439152449,2.8281485027572852,0.0,0.0,0.0,0.0,2.8281485027572852,0
2026-06-21 18:00:00,0.0,0.0,3.263930397189374,2.6623210465677554,0.0,0.0,0.0,0.0,2.6623210465677554,0
2026-06-21 19:00:00,0.0,0.0,0.0,2.2744867177470525,0.0,0.0,0.0,0.0,2.2744867177470525,0
2026-06-21 20:00:00,0.0,0.0,0.0,1.7846565926010083,0.0,0.0,0.0,0.0,1.7846565926010083,0
2026-06-21 21:00:00,0.0,0.0,0.0,1.4462823962588867,0.0,0.0,0.0,0.0,1.4462823962588867,0
2026-06-21 22:00:00,0.0,0.0,0.0,1.1478759629256468,0.0,0.0,0.0,0.0,1.1478759629256468,0
2026-06-21 23:00:00,0.0,0.0,0.0,1.0,0.0,0.0,0.0,1.0,0.0,0
2026-06-22 00:00:00,0.0,0.0,0.0,1.0,0.0,0.0,0.0,1.0,0.0,0
2026-06-22 01:00:00,0.0,0.0,0.0,1.2818294219822906,0.0,0.0,0.0,1.2818294219822906,0.0,0
2026-06-22 02:00:00,0.0,0.0,0.0,1.0665380313093757,0.0,0.0,0.0,1.0665380313093757,0.0,0
2026-06-22 03:00:00,0.0,0.0,0.0,1.6245643548913389,0.0,0.0,0.0,1.6245643548913389,0.0,0
2026-06-22 04:00:00,0.0,0.0,0.0,1.7678232149994049,0.0,0.0,0.0,1.7678232149994049,0.0,0
2026-06-22 05:00:00,0.0,0.0,0.0,1.763510736991238,0.0,0.0,0.0,1.763510736991238,0.0,0
2026-06-22 06:00:00,0.0,0.0,3.371745291029831,2.647858453399364,0.0,0.0,0.0,2.647858453399364,0.0,0
2026-06-22 07:00:00,0.0,0.0,4.010730182976493,2.7999760231392767,0.0,0.0,0.0,2.7999760231392767,0.0,0
2026-06-22 08:00:00,0.0,0.0,6.175926652797507,2.9129511133576274,0.0,0.0,0.0,2.9129511133576274,0.0,0
2026-06-22 09:00:00,29.377813956491018,5.875562791298203,9.788837429464728,3.6040344912560927,3.6040344912560927,6.184802938208636,0.0,0.0,0.0,1
2026-06-22 10:00:00,75.2102503851926,15.042050077038517,12.940686713047883,3.2917527280580807,3.2917527280580807,9.648933984989803,0.0,0.0,0.0,1
2026-06-22 11:00:00,100.0,20.0,13.7508500676769,3.251151164757936,3.251151164757936,5.2188946557489295,0.0,0.0,0.0,1
2026-06-22 12:00:00,100.0,20.0,14.709192982870489,3.603924179404785,3.603924179404785,0.0,0.0,0.0,0.0,0
2026-06-22 13:00:00,100.0,20.0,15.789685590466158,3.361909030776047,3.361909030776047,0.0,0.0,0.0,0.0,0
2026-06-22 14:00:00,100.0,20.0,10.68029268397058,3.1017994751041393,3.1017994751041393,0.0,0.0,0.0,0.0,0
2026-06-22 15:00:00,100.0,20.0,8.451903672564509,2.904104162786783,2.904104162786783,0.0,0.0,0.0,0.0,0
2026-06-22 16:00:00,100.0,20.0,5.823749085297144,2.729219912743386,2.729219912743386,0.0,0.0,0.0,0.0,0
2026-06-22 17:00:00,100.0,20.0,4.122963677341731,2.7938048382290086,2.7938048382290086,0.0,0.0,0.0,0.0,0
2026-06-22 18:00:00,100.0,20.0,3.399958386606446,2.687538195679832,2.687538195679832,0.0,0.0,0.0,0.0,0
2026-06-22 19:00:00,88.87151748886436,17.77430349777287,0.0,2.1144116771157755,0.0,0.0,2.1144116771157755,0.0,0.0,0
2026-06-22 20:00:00,77.79736339758617,15.559472679517235,0.0,2.104089277342853,0.0,0.0,2.104089277342853,0.0,0.0,0
2026-06-22 21:00:00,77.79736339758617,15.559472679517235,0.0,1.2980996535291371,0.0,0.0,0.0,1.2980996535291371,0.0,0
2026-06-22 22:00:00,77.79736339758617,15.559472679517235,0.0,1.0,0.0,0.0,0.0,1.0,0.0,0
2026-06-22 23:00:00,77.79736339758617,15.559472679517235,0.0,1.0191050812818152,0.0,0.0,0.0,1.0191050812818152,0.0,0
2026-06-23 00:00:00,77.79736339758617,15.559472679517235,0.0,1.3852479724516606,0.0,0.0,0.0,0.0,1.3852479724516606,0
2026-06-23 01:00:00,77.79736339758617,15.559472679517235,0.0,1.0,0.0,0.0,0.0,0.0,1.0,0
2026-06-23 02:00:00,77.79736339758617,15.559472679517235,0.0,1.3347937785309836,0.0,0.0,0.0,1.3347937785309836,0.0,0
2026-06-23 03:00:00,77.79736339758617,15.559472679517235,0.0,1.4287766960770436,0.0,0.0,0.0,1.4287766960770436,0.0,0
2026-06-23 04:00:00,77.79736339758617,15.559472679517235,0.0,1.6638438054729339,0.0,0.0,0.0,1.6638438054729339,0.0,0
2026-06-23 05:00:00,77.79736339758617,15.559472679517235,0.0,1.6861561759540504,0.0,0.0,0.0,1.6861561759540504,0.0,0
2026-06-23 06:00:00,77.79736339758617,15.559472679517235,3.447236372921089,2.201793250750307,2.201793250750307,0.0,0.0,0.0,0.0,0
2026-06-23 07:00:00,90.17562869269226,18.03512573853845,5.074760470595052,2.4688098821516684,2.4688098821516684,2.605950588443384,0.0,0.0,0.0,1
2026-06-23 08:00:00,100.0,20.0,6.937763656534717,3.2771942962531906,3.2771942962531906,2.068288696275315,0.0,0.0,0.0,1
2026-06-23 09:00:00,100.0,20.0,8.216338427435609,3.0025400094869883,3.0025400094869883,0.0,0.0,0.0,0.0,0
2026-06-23 10:00:00,100.0,20.0,13.320154293093374,3.673546940283756,3.673546940283756,0.0,0.0,0.0,0.0,0
2026-06-23 11:00:00,100.0,20.0,14.043407133931115,3.905392346723857,3.905392346723857,0.0,0.0,0.0,0.0,0
2026-06-23 12:00:00,100.0,20.0,14.825558659583516,3.367499887891968,3.367499887891968,0.0,0.0,0.0,0.0,0
2026-06-23 13:00:00,100.0,20.0,13.058770486029376,3.8872873393733873,3.8872873393733873,0.0,0.0,0.0,0.0,0
2026-06-23 14:00:00,100.0,20.0,13.115487824562075,3.3158617432513586,3.3158617432513586,0.0,0.0,0.0,0.0,0
2026-06-23 15:00:00,100.0,20.0,10.258514078890924,3.2941245233215004,3.2941245233215004,0.0,0.0,0.0,0.0,0
2026-06-23 16:00:00,100.0,20.0,6.78895439180064,3.3651562940802933,3.3651562940802933,0.0,0.0,0.0,0.0,0
2026-06-23 17:00:00,100.0,20.0,4.428561918403187,2.435627160233171,2.435627160233171,0.0,0.0,0.0,0.0,0
2026-06-23 18:00:00,100.0,20.0,3.4860985495059578,2.1601355524520396,2.1601355524520396,0.0,0.0,0.0,0.0,0
2026-06-23 19:00:00,89.67420236929993,17.934840473859985,0.0,1.9619015498330148,0.0,0.0,1.9619015498330146,0.0,2.220446049250313e-16,0
2026-06-23 20:00:00,78.885271385425,15.777054277085,0.0,2.0498968869362364,0.0,0.0,2.0498968869362364,0.0,0.0,0
2026-06-23 21:00:00,71.42338119017062,14.284676238034123,0.0,1.417759137098333,0.0,0.0,1.417759137098333,0.0,0.0,0
2026-06-23 22:00:00,66.16022329543377,13.232044659086755,0.0,1.0,0.0,0.0,0.9999999999999999,0.0,1.1102230246251565e-16,0
2026-06-23 23:00:00,60.89706540069694,12.179413080139387,0.0,1.0,0.0,0.0,0.9999999999999999,0.0,1.1102230246251565e-16,0
2026-06-24 00:00:00,53.471452168783294,10.69429043375666,0.0,1.4108665140635919,0.0,0.0,1.4108665140635919,0.0,0.0,0
2026-06-24 01:00:00,47.569461433775665,9.513892286755134,0.0,1.1213782396514493,0.0,0.0,1.1213782396514493,0.0,0.0,0
2026-06-24 02:00:00,42.30630353903882,8.461260707807766,0.0,1.0,0.0,0.0,0.9999999999999999,0.0,1.1102230246251565e-16,0
2026-06-24 03:00:00,33.40941029983403,6.6818820599668065,0.0,1.690409715448911,0.0,0.0,1.690409715448911,0.0,0.0,0
2026-06-24 04:00:00,25.989042016184367,5.197808403236873,0.0,1.4098699738934364,0.0,0.0,1.4098699738934364,0.0,0.0,0
2026-06-24 05:00:00,16.86986213186313,3.3739724263726263,0.0,1.7326441780210349,0.0,0.0,1.7326441780210349,0.0,0.0,0
2026-06-24 06:00:00,3.927509290768141,0.7855018581536282,2.826220273220785,2.459047039808048,0.0,0.0,2.459047039808048,0.0,0.0,0
2026-06-24 07:00:00,0.0,0.0,5.020807069561696,2.958642147699362,0.0,0.0,0.7462267652459467,2.212415382453415,0.0,0
2026-06-24 08:00:00,0.0,0.0,7.442285480259734,3.0674828120904927,0.0,0.0,0.0,3.0674828120904927,0.0,0
2026-06-24 09:00:00,0.0,0.0,10.887042725272137,2.90102314607035,0.0,0.0,0.0,2.90102314607035,0.0,0
2026-06-24 10:00:00,0.0,0.0,12.434674692978945,3.4680512882341232,0.0,0.0,0.0,3.4680512882341232,0.0,0
2026-06-24 11:00:00,0.0,0.0,14.41002985055042,3.2904006970823563,0.0,0.0,0.0,3.2904006970823563,0.0,0
2026-06-24 12:00:00,0.0,0.0,12.62902885232352,3.876139704492445,0.0,0.0,0.0,3.876139704492445,0.0,0
2026-06-24 13:00:00,0.0,0.0,15.740402931059329,3.5989629496544713,0.0,0.0,0.0,3.5989629496544713,0.0,0
2026-06-24 14:00:00,0.0,0.0,10.408777879678054,3.71031358597056,0.0,0.0,0.0,3.71031358597056,0.0,0
2026-06-24 15:00:00,0.0,0.0,8.44669215746891,3.417519213807638,0.0,0.0,0.0,3.417519213807638,0.0,0
2026-06-24 16:00:00,0.0,0.0,7.197783704093856,2.6396006522851425,0.0,0.0,0.0,2.6396006522851425,0.0,0
2026-06-24 17:00:00,0.0,0.0,4.9052105464811016,2.6402384629787146,0.0,0.0,0.0,2.6402384629787146,0.0,0
2026-06-24 18:00:00,0.0,0.0,3.282855391397133,2.3552583291308578,0.0,0.0,0.0,2.3552583291308578,0.0,0
2026-06-24 19:00:00,0.0,0.0,0.0,2.3294173271223175,0.0,0.0,0.0,2.3294173271223175,0.0,0
2026-06-24 20:00:00,0.0,0.0,0.0,1.9005485597487894,0.0,0.0,0.0,1.9005485597487894,0.0,0
2026-06-24 21:00:00,0.0,0.0,0.0,1.4065924263549927,0.0,0.0,0.0,1.4065924263549927,0.0,0
2026-06-24 22:00:00,0.0,0.0,0.0,1.2456696854184006,0.0,0.0,0.0,1.2456696854184006,0.0,0
2026-06-24 23:00:00,0.0,0.0,0.0,1.0,0.0,0.0,0.0,1.0,0.0,0
2026-06-25 00:00:00,0.0,0.0,0.0,1.0,0.0,0.0,0.0,1.0,0.0,0
2026-06-25 01:00:00,0.0,0.0,0.0,1.00913363556413,0.0,0.0,0.0,1.00913363556413,0.0,0
2026-06-25 02:00:00,0.0,0.0,0.0,1.6013253719742297,0.0,0.0,0.0,1.6013253719742297,0.0,0
2026-06-25 03:00:00,0.0,0.0,0.0,1.2944039517255408,0.0,0.0,0.0,1.2944039517255408,0.0,0
2026-06-25 04:00:00,0.0,0.0,0.0,2.0163229448518236,0.0,0.0,0.0,2.0163229448518236,0.0,0
2026-06-25 05:00:00,0.0,0.0,0.0,2.167026443332576,0.0,0.0,0.0,2.167026443332576,0.0,0
2026-06-25 06:00:00,0.0,0.0,2.978438450353759,2.0073273375192238,0.0,0.0,0.0,2.0073273375192238,0.0,0
2026-06-25 07:00:00,0.0,0.0,4.059683418218238,2.8378397770514696,0.0,0.0,0.0,2.8378397770514696,0.0,0
2026-06-25 08:00:00,0.0,0.0,6.547809670764778,2.8174013940840577,0.0,0.0,0.0,2.8174013940840577,0.0,0
2026-06-25 09:00:00,0.0,0.0,10.079119994898033,3.4156405624623307,0.0,0.0,0.0,3.4156405624623307,0.0,0
2026-06-25 10:00:00,0.0,0.0,13.665556855749273,3.5779785771994925,0.0,0.0,0.0,3.5779785771994925,0.0,0
2026-06-25 11:00:00,0.0,0.0,14.292151620707012,3.4365278219176316,0.0,0.0,0.0,3.4365278219176316,0.0,0
2026-06-25 12:00:00,0.0,0.0,16.021410669113624,3.680321769943515,0.0,0.0,0.0,3.680321769943515,0.0,0
2026-06-25 13:00:00,0.0,0.0,12.844281650356464,3.9570989897791375,0.0,0.0,0.0,3.9570989897791375,0.0,0
2026-06-25 14:00:00,0.0,0.0,12.527745451318124,3.1537311437577387,0.0,0.0,0.0,3.1537311437577387,0.0,0
2026-06-25 15:00:00,0.0,0.0,8.637845173705784,3.169360611058303,0.0,0.0,0.0,3.169360611058303,0.0,0
2026-06-25 16:00:00,0.0,0.0,5.778186842174625,3.164826259400474,0.0,0.0,0.0,3.164826259400474,0.0,0
2026-06-25 17:00:00,0.0,0.0,4.347117992031786,2.677381453904284,0.0,0.0,0.0,0.0,2.677381453904284,0
2026-06-25 18:00:00,0.0,0.0,2.9394962638453297,2.313646115907218,0.0,0.0,0.0,2.313646115907218,0.0,0
2026-06-25 19:00:00,0.0,0.0,0.0,2.344525593567451,0.0,0.0,0.0,2.344525593567451,0.0,0
2026-06-25 20:00:00,0.0,0.0,0.0,1.9832774097062593,0.0,0.0,0.0,1.9832774097062593,0.0,0
2026-06-25 21:00:00,0.0,0.0,0.0,1.857485668935837,0.0,0.0,0.0,1.857485668935837,0.0,0
2026-06-25 22:00:00,0.0,0.0,0.0,1.2193454763371605,0.0,0.0,0.0,1.2193454763371605,0.0,0
2026-06-25 23:00:00,0.0,0.0,0.0,1.0,0.0,0.0,0.0,1.0,0.0,0
2026-06-26 00:00:00,0.0,0.0,0.0,1.239352326959993,0.0,0.0,0.0,1.239352326959993,0.0,0
2026-06-26 01:00:00,0.0,0.0,0.0,1.0,0.0,0.0,0.0,1.0,0.0,0
2026-06-26 02:00:00,0.0,0.0,0.0,1.0114484284688725,0.0,0.0,0.0,1.0114484284688725,0.0,0
2026-06-26 03:00:00,0.0,0.0,0.0,1.1791075957561552,0.0,0.0,0.0,1.1791075957561552,0.0,0
2026-06-26 04:00:00,0.0,0.0,0.0,1.9160194982621355,0.0,0.0,0.0,1.9160194982621355,0.0,0
2026-06-26 05:00:00,0.0,0.0,0.0,2.0222914137093744,0.0,0.0,0.0,0.0,2.0222914137093744,0
2026-06-26 06:00:00,0.0,0.0,3.2800039072216083,2.356326691600023,0.0,0.0,0.0,0.0,2.356326691600023,0
2026-06-26 07:00:00,0.0,0.0,4.459115964304039,2.55981181955933,0.0,0.0,0.0,0.0,2.55981181955933,0
2026-06-26 08:00:00,0.0,0.0,6.796382866587465,2.694083632590367,0.0,0.0,0.0,0.0,2.694083632590367,0
2026-06-26 09:00:00,0.0,0.0,9.54369919087531,3.1895375638907155,0.0,0.0,0.0,0.0,3.1895375638907155,0
2026-06-26 10:00:00,0.0,0.0,11.130771074749427,3.139916246913317,0.0,0.0,0.0,0.0,3.139916246913317,0
2026-06-26 11:00:00,0.0,0.0,12.66436288151032,3.5799924051697993,0.0,0.0,0.0,0.0,3.5799924051697993,0
2026-06-26 12:00:00,0.0,0.0,13.1431730180029,3.851093001755969,0.0,0.0,0.0,0.0,3.851093001755969,0
2026-06-26 13:00:00,0.0,0.0,14.721309555503757,3.696678300278956,0.0,0.0,0.0,0.0,3.696678300278956,0
2026-06-26 14:00:00,0.0,0.0,10.883606445225308,3.2300739479410616,0.0,0.0,0.0,0.0,3.2300739479410616,0
2026-06-26 15:00:00,0.0,0.0,8.855310729906995,3.6236019292479495,0.0,0.0,0.0,0.0,3.6236019292479495,0
2026-06-26 16:00:00,0.0,0.0,6.008498398768593,2.7367368734062323,0.0,0.0,0.0,0.0,2.7367368734062323,0
2026-06-26 17:00:00,8.278797409872274,1.6557594819744548,4.30649467580062,2.5635899579327726,2.5635899579327726,1.7429047178678472,0.0,0.0,0.0,1
2026-06-26 18:00:00,9.794950949193447,1.9589901898386894,2.8211061369692745,2.501915918164817,2.501915918164817,0.3191902188044575,0.0,0.0,0.0,1
2026-06-26 19:00:00,0.0,0.0,0.0,2.304424795683996,0.0,0.0,1.861040680346755,0.0,0.4433841153372411,0
2026-06-26 20:00:00,0.0,0.0,0.0,1.8994001037299926,0.0,0.0,0.0,0.0,1.8994001037299926,0
2026-06-26 21:00:00,0.0,0.0,0.0,1.7397585100105364,0.0,0.0,0.0,0.0,1.7397585100105364,0
2026-06-26 22:00:00,0.0,0.0,0.0,1.069620625699789,0.0,0.0,0.0,0.0,1.069620625699789,0
2026-06-26 23:00:00,0.0,0.0,0.0,1.5226655915197045,0.0,0.0,0.0,0.0,1.5226655915197045,0
2026-06-27 00:00:00,0.0,0.0,0.0,1.1559335383186446,0.0,0.0,0.0,0.0,1.1559335383186446,0
2026-06-27 01:00:00,0.0,0.0,0.0,1.1923070392156503,0.0,0.0,0.0,0.0,1.1923070392156503,0
2026-06-27 02:00:00,0.0,0.0,0.0,1.6496541340026436,0.0,0.0,0.0,0.0,1.6496541340026436,0
2026-06-27 03:00:00,0.0,0.0,0.0,1.836371223282042,0.0,0.0,0.0,0.0,1.836371223282042,0
2026-06-27 04:00:00,0.0,0.0,0.0,1.7461382059993917,0.0,0.0,0.0,0.0,1.7461382059993917,0
2026-06-27 05:00:00,0.0,0.0,0.0,1.7194455916315246,0.0,0.0,0.0,0.0,1.7194455916315246,0
2026-06-27 06:00:00,0.0,0.0,2.8652691961891863,2.5360595072652607,2.5360595072652607,0.0,0.0,0.0,0.0,0
2026-06-27 07:00:00,0.0,0.0,4.359045293613777,2.723615516911518,2.723615516911518,0.0,0.0,0.0,0.0,0
2026-06-27 08:00:00,0.0,0.0,5.809512121832492,2.795556913565592,2.795556913565592,0.0,0.0,0.0,0.0,0
2026-06-27 09:00:00,0.0,0.0,10.10615832856379,3.4611587075716326,3.4611587075716326,0.0,0.0,0.0,0.0,0
2026-06-27 10:00:00,0.0,0.0,11.762871989562164,3.248290705894252,3.248290705894252,0.0,0.0,0.0,0.0,0
2026-06-27 11:00:00,0.0,0.0,15.361424563119623,3.4952620177024687,0.0,0.0,0.0,0.0,3.4952620177024687,0
2026-06-27 12:00:00,0.0,0.0,15.10392519310192,3.93527348859058,0.0,0.0,0.0,0.0,3.93527348859058,0
2026-06-27 13:00:00,0.0,0.0,11.70072797124145,3.746192815629611,0.0,0.0,0.0,0.0,3.746192815629611,0
2026-06-27 14:00:00,0.0,0.0,12.896344213828351,3.297750725526338,0.0,0.0,0.0,0.0,3.297750725526338,0
2026-06-27 15:00:00,0.0,0.0,10.085569441904257,2.8952301059781895,0.0,0.0,0.0,0.0,2.8952301059781895,0
2026-06-27 16:00:00,0.0,0.0,6.376103881324296,2.8863697802949755,0.0,0.0,0.0,0.0,2.8863697802949755,0
2026-06-27 17:00:00,0.0,0.0,4.978920198018313,2.8375441514111737,0.0,0.0,0.0,0.0,2.8375441514111737,0
2026-06-27 18:00:00,0.0,0.0,3.002886798070297,2.5981623757824077,0.0,0.0,0.0,0.0,2.5981623757824077,0
2026-06-27 19:00:00,0.0,0.0,0.0,1.801438375621259,0.0,0.0,0.0,0.0,1.801438375621259,0
2026-06-27 20:00:00,0.0,0.0,0.0,2.0826527038665925,0.0,0.0,0.0,0.0,2.0826527038665925,0
2026-06-27 21:00:00,0.0,0.0,0.0,1.2965449721365039,0.0,0.0,0.0,0.0,1.2965449721365039,0
2026-06-27 22:00:00,0.0,0.0,0.0,1.0,0.0,0.0,0.0,0.0,1.0,0
2026-06-27 23:00:00,0.0,0.0,0.0,1.0368161350631975,0.0,0.0,0.0,0.0,1.0368161350631975,0
2026-06-28 00:00:00,0.0,0.0,0.0,1.0,0.0,0.0,0.0,0.0,1.0,0
2026-06-28 01:00:00,0.0,0.0,0.0,1.2363823561084972,0.0,0.0,0.0,0.0,1.2363823561084972,0
2026-06-28 02:00:00,0.0,0.0,0.0,1.5159364303086815,0.0,0.0,0.0,0.0,1.5159364303086815,0
2026-06-28 03:00:00,0.0,0.0,0.0,1.4671560935297863,0.0,0.0,0.0,0.0,1.4671560935297863,0
2026-06-28 04:00:00,0.0,0.0,0.0,1.6919683717161074,0.0,0.0,0.0,0.0,1.6919683717161074,0
2026-06-28 05:00:00,0.0,0.0,0.0,1.8108100915514551,0.0,0.0,0.0,0.0,1.8108100915514551,0
2026-06-28 06:00:00,0.0,0.0,3.171659063172498,2.564527653871765,0.0,0.0,0.0,0.0,2.564527653871765,0
2026-06-28 07:00:00,0.0,0.0,4.563809502152622,2.522680001415589,0.0,0.0,0.0,0.0,2.522680001415589,0
2026-06-28 08:00:00,0.0,0.0,7.427159180560285,2.8654304249317564,0.0,0.0,0.0,0.0,2.8654304249317564,0
2026-06-28 09:00:00,0.0,0.0,9.26104008610676,3.5418778324107194,0.0,0.0,0.0,0.0,3.5418778324107194,0
2026-06-28 10:00:00,0.0,0.0,13.080187186176907,3.321560909600248,0.0,0.0,0.0,0.0,3.321560909600248,0
2026-06-28 11:00:00,0.0,0.0,12.381840796823049,3.3694490370608863,0.0,0.0,0.0,0.0,3.3694490370608863,0
2026-06-28 12:00:00,0.0,0.0,16.20577443026165,3.472525025285393,0.0,0.0,0.0,0.0,3.472525025285393,0
2026-06-28 13:00:00,0.0,0.0,11.809655875277656,3.416768182404261,0.0,0.0,0.0,0.0,3.416768182404261,0
2026-06-28 14:00:00,0.0,0.0,12.505317963309825,3.7279657550947096,0.0,0.0,0.0,0.0,3.7279657550947096,0
2026-06-28 15:00:00,0.0,0.0,10.083746141631146,3.3389100576793087,0.0,0.0,0.0,0.0,3.3389100576793087,0
2026-06-28 16:00:00,0.0,0.0,7.211105784909608,3.2756705479420027,0.0,0.0,0.0,0.0,3.2756705479420027,0
2026-06-28 17:00:00,0.0,0.0,5.1498965795735225,2.713900407520291,0.0,0.0,0.0,0.0,2.713900407520291,0
2026-06-28 18:00:00,0.0,0.0,2.715806638138024,2.7007295195893732,0.0,0.0,0.0,0.0,2.7007295195893732,0
2026-06-28 19:00:00,0.0,0.0,0.0,1.8907856857952914,0.0,0.0,0.0,0.0,1.8907856857952914,0
2026-06-28 20:00:00,0.0,0.0,0.0,1.7791579211245245,0.0,0.0,0.0,0.0,1.7791579211245245,0
2026-06-28 21:00:00,0.0,0.0,0.0,1.1440379354545458,0.0,0.0,0.0,0.0,1.1440379354545458,0
2026-06-28 22:00:00,0.0,0.0,0.0,1.3203710025408475,0.0,0.0,0.0,0.0,1.3203710025408475,0
2026-06-28 23:00:00,0.0,0.0,0.0,1.025895965801166,0.0,0.0,0.0,0.0,1.025895965801166,0
2026-06-29 00:00:00,0.0,0.0,0.0,1.0,0.0,0.0,0.0,1.0,0.0,0
2026-06-29 01:00:00,0.0,0.0,0.0,1.5269816664757405,0.0,0.0,0.0,1.5269816664757405,0.0,0
2026-06-29 02:00:00,0.0,0.0,0.0,1.6666730799625697,0.0,0.0,0.0,1.6666730799625697,0.0,0
2026-06-29 03:00:00,0.0,0.0,0.0,1.2485105753832786,0.0,0.0,0.0,1.2485105753832786,0.0,0
2026-06-29 04:00:00,0.0,0.0,0.0,1.669267767882516,0.0,0.0,0.0,1.669267767882516,0.0,0
2026-06-29 05:00:00,0.0,0.0,0.0,2.1767416528782735,0.0,0.0,0.0,2.1767416528782735,0.0,0
2026-06-29 06:00:00,0.0,0.0,3.129222053327408,2.2829881513269896,0.0,0.0,0.0,2.2829881513269896,0.0,0
2026-06-29 07:00:00,0.0,0.0,4.956107612144403,2.58097958087247,0.0,0.0,0.0,2.58097958087247,0.0,0
2026-06-29 08:00:00,0.0,0.0,6.773527423458728,3.022576304878604,0.0,0.0,0.0,3.022576304878604,0.0,0
2026-06-29 09:00:00,0.0,0.0,10.54176170335189,3.5435098910025005,0.0,0.0,0.0,3.5435098910025005,0.0,0
2026-06-29 10:00:00,0.0,0.0,13.5214699598558,3.4859815822137055,0.0,0.0,0.0,3.4859815822137055,0.0,0
2026-06-29 11:00:00,0.0,0.0,13.10778571511033,3.3845822672205443,0.0,0.0,0.0,3.3845822672205443,0.0,0
2026-06-29 12:00:00,0.0,0.0,15.50551318125531,3.48334061134672,0.0,0.0,0.0,3.48334061134672,0.0,0
2026-06-29 13:00:00,0.0,0.0,14.799158761862673,3.798124600595711,0.0,0.0,0.0,3.798124600595711,0.0,0
2026-06-29 14:00:00,0.0,0.0,11.531313862766162,3.2661757989780664,0.0,0.0,0.0,3.2661757989780664,0.0,0
2026-06-29 15:00:00,0.0,0.0,9.840514959300798,3.0412220399578023,0.0,0.0,0.0,3.0412220399578023,0.0,0
2026-06-29 16:00:00,0.0,0.0,7.04005520737866,2.8395182109024493,0.0,0.0,0.0,2.8395182109024493,0.0,0
2026-06-29 17:00:00,0.0,0.0,3.8489005581641353,2.9789502590566275,0.0,0.0,0.0,2.9789502590566275,0.0,0
2026-06-29 18:00:00,0.0,0.0,2.945927175350852,2.1694162894574176,0.0,0.0,0.0,2.1694162894574176,0.0,0
2026-06-29 19:00:00,0.0,0.0,0.0,2.2961772009442845,0.0,0.0,0.0,2.2961772009442845,0.0,0
2026-06-29 20:00:00,0.0,0.0,0.0,1.9386644759967928,0.0,0.0,0.0,1.9386644759967928,0.0,0
2026-06-29 21:00:00,0.0,0.0,0.0,1.5509719454915454,0.0,0.0,0.0,1.5509719454915454,0.0,0
2026-06-29 22:00:00,0.0,0.0,0.0,1.0,0.0,0.0,0.0,1.0,0.0,0
2026-06-29 23:00:00,0.0,0.0,0.0,1.1857852480745734,0.0,0.0,0.0,1.1857852480745734,0.0,0
2026-06-30 00:00:00,0.0,0.0,0.0,1.1938651989729097,0.0,0.0,0.0,1.1938651989729097,0.0,0
2026-06-30 01:00:00,0.0,0.0,0.0,1.2009530899321452,0.0,0.0,0.0,1.2009530899321452,0.0,0
2026-06-30 02:00:00,0.0,0.0,0.0,1.0995289760691453,0.0,0.0,0.0,1.0995289760691453,0.0,0
2026-06-30 03:00:00,0.0,0.0,0.0,1.7818623589565648,0.0,0.0,0.0,1.7818623589565648,0.0,0
2026-06-30 04:00:00,0.0,0.0,0.0,1.8957472571274505,0.0,0.0,0.0,1.8957472571274505,0.0,0
2026-06-30 05:00:00,0.0,0.0,0.0,2.37269482999185,0.0,0.0,0.0,2.37269482999185,0.0,0
2026-06-30 06:00:00,0.0,0.0,2.5954014694025545,2.62618533863031,0.0,0.0,0.0,2.62618533863031,0.0,0
2026-06-30 07:00:00,0.0,0.0,5.223163806316274,2.5930587495058672,0.0,0.0,0.0,2.5930587495058672,0.0,0
2026-06-30 08:00:00,0.0,0.0,5.764833794770953,3.228943423563136,0.0,0.0,0.0,3.228943423563136,0.0,0
2026-06-30 09:00:00,0.0,0.0,10.73337425345734,3.6192429669946016,0.0,0.0,0.0,3.6192429669946016,0.0,0
2026-06-30 10:00:00,0.0,0.0,12.237300479971836,3.6499365032012028,0.0,0.0,0.0,3.6499365032012028,0.0,0
2026-06-30 11:00:00,0.0,0.0,12.9620096054963,3.2769150408184324,0.0,0.0,0.0,3.2769150408184324,0.0,0
2026-06-30 12:00:00,0.0,0.0,15.152989205269522,3.2736178491492836,3.2736178491492836,0.0,0.0,0.0,0.0,0
2026-06-30 13:00:00,0.0,0.0,11.772980964060975,3.7076593915724723,3.7076593915724723,0.0,0.0,0.0,0.0,0
2026-06-30 14:00:00,0.0,0.0,13.28366122592665,3.11842035782151,3.11842035782151,0.0,0.0,0.0,0.0,0
2026-06-30 15:00:00,0.0,0.0,10.469485780856342,3.1037156666844283,3.1037156666844283,0.0,0.0,0.0,0.0,0
2026-06-30 16:00:00,19.713515365501706,3.9427030731003407,7.455709873078905,3.3054961119206507,3.3054961119206507,4.150213761158254,0.0,0.0,0.0,1
2026-06-30 17:00:00,26.227531609312404,5.245506321862481,3.700628075970217,2.3292562351679633,2.3292562351679633,1.3713718408022535,0.0,0.0,0.0,1
2026-06-30 18:00:00,26.227531609312404,5.245506321862481,2.9078396868689733,2.2322925185205142,2.2322925185205142,0.0,0.0,0.0,0.0,0
2026-06-30 19:00:00,26.227531609312404,5.245506321862481,0.0,1.932936515407763,0.0,0.0,0.0,1.932936515407763,0.0,0
2026-06-30 20:00:00,26.227531609312404,5.245506321862481,0.0,1.4507370979262584,0.0,0.0,0.0,1.4507370979262584,0.0,0
2026-06-30 21:00:00,26.227531609312404,5.245506321862481,0.0,1.776928427167713,0.0,0.0,0.0,1.776928427167713,0.0,0
2026-06-30 22:00:00,26.227531609312404,5.245506321862481,0.0,1.3806685834112464,0.0,0.0,0.0,1.3806685834112464,0.0,0
2026-06-30 23:00:00,26.227531609312404,5.245506321862481,0.0,1.0,0.0,0.0,0.0,1.0,0.0,0
